Provider,IMAP Server,IMAP Port,IMAP Security
Bestmail.us,imap.fastmail.com,993,SSL
asimply.com,mail.simply.com,993,SSL
asimply.com,mail.simply.com,993,SSL
One.com,imap.one.com,993,SSL
Bestmail.us,imap.fastmail.com,993,SSL
orcon.net.nz,mail.orcon.net.nz,993,SSL
163.com,imap.163.com,993,SSL
One.com,imap.one.com,993,SSL
orcon.net.nz,mail.orcon.net.nz,993,SSL
163.com,imap.163.com,993,SSL
Cox.net,imap.cox.net,993,SSL
Sfr.fr,imap.sfr.fr,993,SSL
Cox.net,imap.cox.net,993,SSL
Club-internet.fr,imap.sfr.fr,993,SSL
Sfr.fr,imap.sfr.fr,993,SSL
Neuf.fr,imap.sfr.fr,993,SSL
Club-internet.fr,imap.sfr.fr,993,SSL
mailtech.com,imap.mailtech.com,993,SSL
Neuf.fr,imap.sfr.fr,993,SSL
mailtech.com,imap.mailtech.com,993,SSL
Office365,outlook.office365.com,993,SSL
Office365,outlook.office365.com,993,SSL
Ic.ac.uk,outlook.office365.com,993,SSL
Ic.ac.uk,outlook.office365.com,993,SSL
Msn.com,outlook.office365.com,993,SSL
Live.ca,outlook.office365.com,993,SSL
Msn.com,outlook.office365.com,993,SSL
Live.ca,outlook.office365.com,993,SSL
GoDaddy,imap.secureserver.net,993,SSL
GoDaddy,imap.secureserver.net,993,SSL
Secureserver.net,imap.secureserver.net,993,SSL
Secureserver.net,imap.secureserver.net,993,SSL
relay.plus.net,imap.plus.net,143,
Virginmedia.com,imap.virginmedia.com,993,SSL
relay.plus.net,imap.plus.net,143,
talktalk.net,mail.talktalk.net,993,SSL
Virginmedia.com,imap.virginmedia.com,993,SSL
tiscali.co.uk,mail.talktalk.net,993,SSL
talktalk.net,mail.talktalk.net,993,SSL
tiscali.co.uk,mail.talktalk.net,993,SSL
dial.pipex.com,mail.talktalk.net,993,SSL
dial.pipex.com,mail.talktalk.net,993,SSL
dsl.pipex.com,mail.talktalk.net,993,SSL
dsl.pipex.com,mail.talktalk.net,993,SSL
homecall.co.uk,mail.talktalk.net,993,SSL
homecall.co.uk,mail.talktalk.net,993,SSL
toucansurf.com,mail.talktalk.net,993,SSL
karoo.co.uk,imap.karoo.co.uk,143,
toucansurf.com,mail.talktalk.net,993,SSL
karoo.co.uk,imap.karoo.co.uk,143,
eclipse.co.uk,mail.eclipse.co.uk,143,
demon.co.uk,mail.demon.co.uk,993,SSL
eclipse.co.uk,mail.eclipse.co.uk,143,
hosts.co.uk,imap.hosts.co.uk,993,SSL
demon.co.uk,mail.demon.co.uk,993,SSL
idnet.com,securemail.idnet.com,993,SSL
hosts.co.uk,imap.hosts.co.uk,993,SSL
idnet.com,securemail.idnet.com,993,SSL
idnet.net,mail.idnet.net.uk,993,SSL
idnet.net,mail.idnet.net.uk,993,SSL
interdns.co.uk,mail.interdns.co.uk,993,SSL
interdns.co.uk,mail.interdns.co.uk,993,SSL
aquiss.net,imap.aquiss.net,143,
aquiss.net,imap.aquiss.net,143,
Mchsi.com,mail.mediacombb.net,993,SSL
Mchsi.com,mail.mediacombb.net,993,SSL
Juno.com,imap.juno.com,143,
Netzero.com,pop.netzero.com,995,
Juno.com,imap.juno.com,143,
windstreamhosting.com,mail.windstreamhosting.com,143,
Netzero.com,pop.netzero.com,995,
windstreamhosting.com,mail.windstreamhosting.com,143,
Comcast.net,imap.comcast.net,993,SSL
XFINITY Email,imap.comcast.net,993,SSL
Comcast.net,imap.comcast.net,993,SSL
XFINITY Email,imap.comcast.net,993,SSL
Sbcglobal.net,imap.mail.att.net,993,SSL
Sbcglobal.net,imap.mail.att.net,993,SSL
suddenlink.net,imap.suddenlink.net,993,SSL
frontier.com,imap.frontier.com,993,SSL
suddenlink.net,imap.suddenlink.net,993,SSL
Optonline.net,mail.optonline.net,993,SSL
frontier.com,imap.frontier.com,993,SSL
Charter.com,mobile.charter.net,993,SSL
Optonline.net,mail.optonline.net,993,SSL
Charter.com,mobile.charter.net,993,SSL
Charter.net,mobile.charter.net,993,SSL
Charter.net,mobile.charter.net,993,SSL
Spectrum,mobile.charter.net,993,SSL
Centurylink.net,mail.centurylink.net,993,SSL
Spectrum,mobile.charter.net,993,SSL
Embarqmail.com,mail.centurylink.net,993,SSL
Centurylink.net,mail.centurylink.net,993,SSL
Q.com,mail.q.com,993,SSL
Embarqmail.com,mail.centurylink.net,993,SSL
Q.com,mail.q.com,993,SSL
elpasotel.com,mail.elpasotel.com,993,SSL
Mindspring.com,imap.earthlink.net,143,
elpasotel.com,mail.elpasotel.com,993,SSL
Earthlink.net,imap.earthlink.net,143,
Mindspring.com,imap.earthlink.net,143,
Ix.netcom.com,imap.earthlink.net,143,
Earthlink.net,imap.earthlink.net,143,
Yandex.kz,imap.yandex.com,993,SSL
Ix.netcom.com,imap.earthlink.net,143,
Yandex.net,imap.yandex.com,993,SSL
Yandex.kz,imap.yandex.com,993,SSL
Yandex.by,imap.yandex.com,993,SSL
Yandex.net,imap.yandex.com,993,SSL
Yandex.by,imap.yandex.com,993,SSL
Narod.ru,imap.yandex.com,993,SSL
Narod.ru,imap.yandex.com,993,SSL
Shaw.ca,imap.shaw.ca,993,SSL
name.com,mail.name.com,993,SSL
Shaw.ca,imap.shaw.ca,993,SSL
name.com,mail.name.com,993,SSL
Qq.com,imap.qq.com,993,SSL
Qq.com,imap.qq.com,993,SSL
Foxmail.com,imap.qq.com,993,SSL
Foxmail.com,imap.qq.com,993,SSL
a1.net,imap.a1.net,143,
Sympatico.ca,imap.bell.net,993,SSL
a1.net,imap.a1.net,143,
Bell.net,imap.bell.net,993,SSL
Sympatico.ca,imap.bell.net,993,SSL
europe.secureserver.net,imap.europe.secureserver.net,993,SSL
Bell.net,imap.bell.net,993,SSL
europe.secureserver.net,imap.europe.secureserver.net,993,SSL
1and1.co.uk,imap.1and1.co.uk,993,SSL
1and1.com,imap.1and1.com,993,SSL
1and1.co.uk,imap.1and1.co.uk,993,SSL
optusnet.com.au,mail.optusnet.com.au,993,SSL
1and1.com,imap.1and1.com,993,SSL
optusnet.com.au,mail.optusnet.com.au,993,SSL
Wp.pl,imap.wp.pl,993,SSL
Wp.pl,imap.wp.pl,993,SSL
O2.pl,poczta.o2.pl,993,SSL
O2.pl,poczta.o2.pl,993,SSL
Tlen.pl,poczta.o2.pl,993,SSL
Go2.pl,poczta.o2.pl,993,SSL
Tlen.pl,poczta.o2.pl,993,SSL
Go2.pl,poczta.o2.pl,993,SSL
Prokonto.pl,poczta.o2.pl,993,SSL
Op.pl,imap.poczta.onet.pl,993,SSL
Prokonto.pl,poczta.o2.pl,993,SSL
Op.pl,imap.poczta.onet.pl,993,SSL
Poczta.onet.pl,imap.poczta.onet.pl,993,SSL
Vp.pl,imap.poczta.onet.pl,993,SSL
Poczta.onet.pl,imap.poczta.onet.pl,993,SSL
Inbox.ru,imap.mail.ru,993,SSL
Vp.pl,imap.poczta.onet.pl,993,SSL
Mail.ru,imap.mail.ru,993,SSL
Inbox.ru,imap.mail.ru,993,SSL
Mail.ru,imap.mail.ru,993,SSL
List.ru,imap.mail.ru,993,SSL
List.ru,imap.mail.ru,993,SSL
Bk.ru,imap.mail.ru,993,SSL
Bk.ru,imap.mail.ru,993,SSL
Corp.mail.ru,imap.mail.ru,993,SSL
Corp.mail.ru,imap.mail.ru,993,SSL
Interia.pl,poczta.interia.pl,993,SSL
Ovh.net,ssl0.ovh.net,993,SSL
Interia.pl,poczta.interia.pl,993,SSL
Nwmlm.com,ssl0.ovh.net,993,SSL
Ovh.net,ssl0.ovh.net,993,SSL
Nwmlm.com,ssl0.ovh.net,993,SSL
Bigpond.com,mail.bigpond.com,993,SSL
Bigpond.net.au,mail.bigpond.com,993,SSL
Bigpond.com,mail.bigpond.com,993,SSL
Bigpond.net.au,mail.bigpond.com,993,SSL
Bigpond.net,mail.bigpond.com,993,SSL
Telstra.com,mail.bigpond.com,993,SSL
Bigpond.net,mail.bigpond.com,993,SSL
Dodo.com.au,mail.bigpond.com,993,SSL
Telstra.com,mail.bigpond.com,993,SSL
Dodo.com.au,mail.bigpond.com,993,SSL
Free.fr,imap.free.fr,993,SSL
Free.fr,imap.free.fr,993,SSL
Orange.fr,imap.orange.fr,993,SSL
Orange.fr,imap.orange.fr,993,SSL
Wanadoo.fr,imap.orange.fr,993,SSL
Wanadoo.fr,imap.orange.fr,993,SSL
T-online.de,secureimap.t-online.de,993,SSL
Web.de,imap.web.de,993,SSL
T-online.de,secureimap.t-online.de,993,SSL
out.aliceposta.it,in.aliceposta.it,143,
Web.de,imap.web.de,993,SSL
Inwind.it,imapmail.libero.it,993,SSL
Libero.it,imapmail.libero.it,993,SSL
Inwind.it,imapmail.libero.it,993,SSL
out.aliceposta.it,in.aliceposta.it,143,
Iol.it,imapmail.libero.it,993,SSL
Libero.it,imapmail.libero.it,993,SSL
Iol.it,imapmail.libero.it,993,SSL
Giallo.it,imapmail.libero.it,993,SSL
Blu.it,imapmail.libero.it,993,SSL
Giallo.it,imapmail.libero.it,993,SSL
Gandi.net,mail.gandi.net,993,SSL
Blu.it,imapmail.libero.it,993,SSL
Gandi.net,mail.gandi.net,993,SSL
email-ssl.com.br,email-ssl.com.br,993,SSL
asia.secureserver.net,imap.asia.secureserver.net,993,SSL
email-ssl.com.br,email-ssl.com.br,993,SSL
123-reg.co.uk,imap.123-reg.co.uk,993,SSL
asia.secureserver.net,imap.asia.secureserver.net,993,SSL
gridhost.co.uk,mail3.gridhost.co.uk,993,SSL
123-reg.co.uk,imap.123-reg.co.uk,993,SSL
1and1.fr,imap.1and1.fr,993,SSL
gridhost.co.uk,mail3.gridhost.co.uk,993,SSL
Tiscali.it,imap.tiscali.it,993,SSL
1and1.fr,imap.1and1.fr,993,SSL
Laposte.net,imap.laposte.net,993,SSL
Tiscali.it,imap.tiscali.it,993,SSL
Email.it,imapmail.email.it,143,
Laposte.net,imap.laposte.net,993,SSL
auth.kundenserver.de,imap.kundenserver.de,993,SSL
Email.it,imapmail.email.it,143,
auth.kundenserver.de,imap.kundenserver.de,993,SSL
Iinet.net.au,mail.iinet.net.au,993,SSL
Telenet.be,imap.telenet.be,993,SSL
Iinet.net.au,mail.iinet.net.au,993,SSL
zenbox.pl,imap.zenbox.pl,993,SSL
Telenet.be,imap.telenet.be,993,SSL
zenbox.pl,imap.zenbox.pl,993,SSL
Arcor.de,imap.arcor.de,993,SSL
Arcor.de,imap.arcor.de,993,SSL
Ziggo.nl,imap.ziggo.nl,993,SSL
Upcmail.nl,imap.ziggo.nl,993,SSL
Ziggo.nl,imap.ziggo.nl,993,SSL
Upcmail.nl,imap.ziggo.nl,993,SSL
Casema.nl,imap.ziggo.nl,993,SSL
Chello.nl,imap.ziggo.nl,993,SSL
Casema.nl,imap.ziggo.nl,993,SSL
Multiweb.nl,imap.ziggo.nl,993,SSL
Chello.nl,imap.ziggo.nl,993,SSL
Multiweb.nl,imap.ziggo.nl,993,SSL
Home.nl,imap.ziggo.nl,993,SSL
Home.nl,imap.ziggo.nl,993,SSL
Quicknet.nl,imap.ziggo.nl,993,SSL
Quicknet.nl,imap.ziggo.nl,993,SSL
Ziggomail.com,imap.ziggo.nl,993,SSL
Hahah.nl,imap.ziggo.nl,993,SSL
Ziggomail.com,imap.ziggo.nl,993,SSL
Hahah.nl,imap.ziggo.nl,993,SSL
Zeggis.com,imap.ziggo.nl,993,SSL
Zeggis.com,imap.ziggo.nl,993,SSL
Zeggis.nl,imap.ziggo.nl,993,SSL
Zinders.nl,imap.ziggo.nl,993,SSL
Zeggis.nl,imap.ziggo.nl,993,SSL
Razcall.com,imap.ziggo.nl,993,SSL
Zinders.nl,imap.ziggo.nl,993,SSL
Razcall.com,imap.ziggo.nl,993,SSL
Razcall.nl,imap.ziggo.nl,993,SSL
Razcall.nl,imap.ziggo.nl,993,SSL
tpg.com.au,mail.tpg.com.au,143,
tpg.com.au,mail.tpg.com.au,143,
Rambler.ru,imap.rambler.ru,993,SSL
Post.cz,imap.seznam.cz,993,SSL
Rambler.ru,imap.rambler.ru,993,SSL
Post.cz,imap.seznam.cz,993,SSL
Email.cz,imap.seznam.cz,993,SSL
Email.cz,imap.seznam.cz,993,SSL
Seznam.cz,imap.seznam.cz,993,SSL
Seznam.cz,imap.seznam.cz,993,SSL
Spoluzaci.cz,imap.seznam.cz,993,SSL
relais.videotron.ca,imap.videotron.ca,143,
Spoluzaci.cz,imap.seznam.cz,993,SSL
Ispgateway.de,sslmailpool.ispgateway.de,993,SSL
relais.videotron.ca,imap.videotron.ca,143,
uhserver.com,mail.uhserver.com,143,
Ispgateway.de,sslmailpool.ispgateway.de,993,SSL
neuf.fr,imap.neuf.fr,143,
uhserver.com,mail.uhserver.com,143,
inbox.com,imap.inbox.com,993,SSL
neuf.fr,imap.neuf.fr,143,
Bluewin.ch,imaps.bluewin.ch,993,SSL
inbox.com,imap.inbox.com,993,SSL
Bluemail.ch,imaps.bluewin.ch,993,SSL
Bluewin.ch,imaps.bluewin.ch,993,SSL
Ukr.net,imap.ukr.net,993,SSL
Bluemail.ch,imaps.bluewin.ch,993,SSL
Ukr.net,imap.ukr.net,993,SSL
Gigapec.it,imaps.pec.aruba.it,993,SSL
Arubapec.it,imaps.pec.aruba.it,993,SSL
Gigapec.it,imaps.pec.aruba.it,993,SSL
Arubapec.it,imaps.pec.aruba.it,993,SSL
Mypec.eu,imaps.pec.aruba.it,993,SSL
Pec.it,imaps.pec.aruba.it,993,SSL
Mypec.eu,imaps.pec.aruba.it,993,SSL
Ingpec.eu,imaps.pec.aruba.it,993,SSL
Pec.it,imaps.pec.aruba.it,993,SSL
Ingpec.eu,imaps.pec.aruba.it,993,SSL
infomaniak.ch,mail.infomaniak.ch,143,
Mail.de,imap.mail.de,993,SSL
infomaniak.ch,mail.infomaniak.ch,143,
Mail.de,imap.mail.de,993,SSL
Posteo.de,posteo.de,993,SSL
Posteo.de,posteo.de,993,SSL
Posteo.at,posteo.de,993,SSL
Posteo.ch,posteo.de,993,SSL
Posteo.at,posteo.de,993,SSL
Posteo.ch,posteo.de,993,SSL
Posteo.eu,posteo.de,993,SSL
Posteo.eu,posteo.de,993,SSL
Posteo.org,posteo.de,993,SSL
Posteo.org,posteo.de,993,SSL
ig.com.br,imap.ig.com.br,993,SSL
ig.com.br,imap.ig.com.br,993,SSL
Internode.on.net,mail.internode.on.net,993,SSL
Internode.on.net,mail.internode.on.net,993,SSL
telus.net,imap.telus.net,143,
hercules.hongkongserver.net,hercules.hongkongserver.net,993,SSL
telus.net,imap.telus.net,143,
virgilio.it,in.virgilio.it,143,
hercules.hongkongserver.net,hercules.hongkongserver.net,993,SSL
unitybox.de,mail.unitybox.de,143,
virgilio.it,in.virgilio.it,143,
privateecom,mail.privateemail.com,993,SSL
unitybox.de,mail.unitybox.de,143,
privateecom,mail.privateemail.com,993,SSL
webfaction.com,mail.webfaction.com,993,SSL
Skynet.be,imap.proximus.be,993,SSL
webfaction.com,mail.webfaction.com,993,SSL
Proximus.be,imap.proximus.be,993,SSL
Skynet.be,imap.proximus.be,993,SSL
Proximus.be,imap.proximus.be,993,SSL
Belgacom.net,imap.proximus.be,993,SSL
Belgacom.net,imap.proximus.be,993,SSL
Kidcity.be,imap.proximus.be,993,SSL
Kidcity.be,imap.proximus.be,993,SSL
pochta.ru,mail.pochta.ru,993,SSL
Uol.com.br,imap.uol.com.br,993,SSL
pochta.ru,mail.pochta.ru,993,SSL
cogeco.ca,imap.cogeco.ca,993,SSL
Uol.com.br,imap.uol.com.br,993,SSL
Openmailbox.org,imap.openmailbox.org,993,SSL
cogeco.ca,imap.cogeco.ca,993,SSL
Openmailbox.org,imap.openmailbox.org,993,SSL
nic.ru,mail.nic.ru,993,SSL
bellaliant.net,imap.bellaliant.net,143,
nic.ru,mail.nic.ru,993,SSL
bellaliant.net,imap.bellaliant.net,143,
Bol.com.br,imap.bol.com.br,993,SSL
Naver.com,imap.naver.com,993,SSL
Bol.com.br,imap.bol.com.br,993,SSL
Naver.com,imap.naver.com,993,SSL
eircom.net,webmail.eircom.net,993,SSL
eircom.net,webmail.eircom.net,993,SSL
Ptd.net,promail.ptd.net,143,
servage.net,incoming.servage.net,143,
Ptd.net,promail.ptd.net,143,
tds.net,mail.tds.net,993,SSL
servage.net,incoming.servage.net,143,
tds.net,mail.tds.net,993,SSL
domeneshop.no,imap.domeneshop.no,993,SSL
Otenet.gr,imap.otenet.gr,993,SSL
domeneshop.no,imap.domeneshop.no,993,SSL
dsl.telkomsa.net,imap.telkomsa.net,143,
dsl.telkomsa.net,imap.telkomsa.net,143,
bbox.fr,imap4.bbox.fr,993,SSL
Otenet.gr,imap.otenet.gr,993,SSL
Iprimus.com.au,imap.iprimus.com.au,143,SSL
bbox.fr,imap4.bbox.fr,993,SSL
tin.it,box.tin.it,143,
Iprimus.com.au,imap.iprimus.com.au,143,SSL
Fastwebnet.it,imap.fastwebnet.it,143,
tin.it,box.tin.it,143,
Fastwebnet.it,imap.fastwebnet.it,143,
online.no,imap.online.no,993,SSL
Oracle.com,stbeehive.oracle.com,993,SSL
online.no,imap.online.no,993,SSL
mijndomein.nl,mail.mijndomein.nl,993,SSL
Oracle.com,stbeehive.oracle.com,993,SSL
terra.com.br,imap.terra.com.br,993,SSL
mijndomein.nl,mail.mijndomein.nl,993,SSL
Kabelmail.de,imap.kabelmail.de,993,SSL
terra.com.br,imap.terra.com.br,993,SSL
Kabelmail.de,imap.kabelmail.de,993,SSL
iq.pl,imap.iq.pl,993,SSL
iq.pl,imap.iq.pl,993,SSL
kpnnl,imap.kpnmail.nl,993,SSL
Kpnmail.nl,imap.kpnmail.nl,993,SSL
kpnnl,imap.kpnmail.nl,993,SSL
Kpnmail.nl,imap.kpnmail.nl,993,SSL
Abv.bg,imap.abv.bg,993,SSL
Abv.bg,imap.abv.bg,993,SSL
securemegamailservers.com,securemail.megamailservers.com,993,SSL
securemegamailservers.com,securemail.megamailservers.com,993,SSL
Emailsrvr.com,secure.emailsrvr.com,993,SSL
Rackspace.com,secure.emailsrvr.com,993,SSL
Emailsrvr.com,secure.emailsrvr.com,993,SSL
Rackspace.com,secure.emailsrvr.com,993,SSL
sbb.rs,imap.sbb.rs,993,SSL
Alumnidirector.com,imap.mail.com,993,SSL
sbb.rs,imap.sbb.rs,993,SSL
Americamail.com,imap.mail.com,993,SSL
Alumnidirector.com,imap.mail.com,993,SSL
Americamail.com,imap.mail.com,993,SSL
Brazilmail.com,imap.mail.com,993,SSL
California.usa.com,imap.mail.com,993,SSL
Brazilmail.com,imap.mail.com,993,SSL
California.usa.com,imap.mail.com,993,SSL
Bigger.com,imap.mail.com,993,SSL
Bigger.com,imap.mail.com,993,SSL
Columnist.com,imap.mail.com,993,SSL
Couple.com,imap.mail.com,993,SSL
Columnist.com,imap.mail.com,993,SSL
Mail.com,imap.mail.com,993,SSL
Couple.com,imap.mail.com,993,SSL
Europe.com,imap.mail.com,993,SSL
Mail.com,imap.mail.com,993,SSL
Consultant.com,imap.mail.com,993,SSL
Europe.com,imap.mail.com,993,SSL
Email.com,imap.mail.com,993,SSL
Consultant.com,imap.mail.com,993,SSL
Minister.com,imap.mail.com,993,SSL
Email.com,imap.mail.com,993,SSL
Minister.com,imap.mail.com,993,SSL
Accountant.com,imap.mail.com,993,SSL
Accountant.com,imap.mail.com,993,SSL
Usa.com,imap.mail.com,993,SSL
Usa.com,imap.mail.com,993,SSL
Programmer.net,imap.mail.com,993,SSL
Programmer.net,imap.mail.com,993,SSL
Dr.com,imap.mail.com,993,SSL
Dr.com,imap.mail.com,993,SSL
Writeme.com,imap.mail.com,993,SSL
Writeme.com,imap.mail.com,993,SSL
Post.com,imap.mail.com,993,SSL
Post.com,imap.mail.com,993,SSL
London.com,imap.mail.com,993,SSL
London.com,imap.mail.com,993,SSL
Lawyer.com,imap.mail.com,993,SSL
Lawyer.com,imap.mail.com,993,SSL
Uymail.com,imap.mail.com,993,SSL
Uymail.com,imap.mail.com,993,SSL
Myself.com,imap.mail.com,993,SSL
Myself.com,imap.mail.com,993,SSL
Mail.org,imap.mail.com,993,SSL
Mail.org,imap.mail.com,993,SSL
Contractor.net,imap.mail.com,993,SSL
Iname.com,imap.mail.com,993,SSL
Contractor.net,imap.mail.com,993,SSL
Iname.com,imap.mail.com,993,SSL
Religious.com,imap.mail.com,993,SSL
Insurer.com,imap.mail.com,993,SSL
Religious.com,imap.mail.com,993,SSL
Popstar.com,imap.mail.com,993,SSL
Insurer.com,imap.mail.com,993,SSL
Asia-mail.com,imap.mail.com,993,SSL
Popstar.com,imap.mail.com,993,SSL
Asia-mail.com,imap.mail.com,993,SSL
Worker.com,imap.mail.com,993,SSL
Worker.com,imap.mail.com,993,SSL
Engineer.com,imap.mail.com,993,SSL
Blader.com,imap.mail.com,993,SSL
Engineer.com,imap.mail.com,993,SSL
Blader.com,imap.mail.com,993,SSL
Repairman.com,imap.mail.com,993,SSL
Diplomats.com,imap.mail.com,993,SSL
Repairman.com,imap.mail.com,993,SSL
Diplomats.com,imap.mail.com,993,SSL
Innocent.com,imap.mail.com,993,SSL
Innocent.com,imap.mail.com,993,SSL
Earthling.net,imap.mail.com,993,SSL
Earthling.net,imap.mail.com,993,SSL
Graphic-designer.com,imap.mail.com,993,SSL
Collector.org,imap.mail.com,993,SSL
Graphic-designer.com,imap.mail.com,993,SSL
Collector.org,imap.mail.com,993,SSL
Songwriter.net,imap.mail.com,993,SSL
Archaeologist.com,imap.mail.com,993,SSL
Songwriter.net,imap.mail.com,993,SSL
Cheerful.com,imap.mail.com,993,SSL
Archaeologist.com,imap.mail.com,993,SSL
Cheerful.com,imap.mail.com,993,SSL
Who.net,imap.mail.com,993,SSL
Publicist.com,imap.mail.com,993,SSL
Who.net,imap.mail.com,993,SSL
Publicist.com,imap.mail.com,993,SSL
Counsellor.com,imap.mail.com,993,SSL
Hot-shot.com,imap.mail.com,993,SSL
Counsellor.com,imap.mail.com,993,SSL
Yours.com,imap.mail.com,993,SSL
Hot-shot.com,imap.mail.com,993,SSL
Yours.com,imap.mail.com,993,SSL
Webname.com,imap.mail.com,993,SSL
Webname.com,imap.mail.com,993,SSL
Linuxmail.org,imap.mail.com,993,SSL
Linuxmail.org,imap.mail.com,993,SSL
Clerk.com,imap.mail.com,993,SSL
Japan.com,imap.mail.com,993,SSL
Clerk.com,imap.mail.com,993,SSL
Japan.com,imap.mail.com,993,SSL
Activist.com,imap.mail.com,993,SSL
Muslim.com,imap.mail.com,993,SSL
Activist.com,imap.mail.com,993,SSL
Singapore.com,imap.mail.com,993,SSL
Muslim.com,imap.mail.com,993,SSL
Singapore.com,imap.mail.com,993,SSL
Homemail.com,imap.mail.com,993,SSL
Homemail.com,imap.mail.com,993,SSL
Chemist.com,imap.mail.com,993,SSL
Chemist.com,imap.mail.com,993,SSL
Rome.com,imap.mail.com,993,SSL
Tvstar.com,imap.mail.com,993,SSL
Rome.com,imap.mail.com,993,SSL
Null.net,imap.mail.com,993,SSL
Tvstar.com,imap.mail.com,993,SSL
Null.net,imap.mail.com,993,SSL
Workmail.com,imap.mail.com,993,SSL
Doctor.com,imap.mail.com,993,SSL
Workmail.com,imap.mail.com,993,SSL
Cyber-wizard.com,imap.mail.com,993,SSL
Doctor.com,imap.mail.com,993,SSL
Cyber-wizard.com,imap.mail.com,993,SSL
Kittymail.com,imap.mail.com,993,SSL
Journalist.com,imap.mail.com,993,SSL
Kittymail.com,imap.mail.com,993,SSL
Journalist.com,imap.mail.com,993,SSL
Photographer.net,imap.mail.com,993,SSL
Photographer.net,imap.mail.com,993,SSL
Graduate.org,imap.mail.com,993,SSL
Dublin.com,imap.mail.com,993,SSL
Graduate.org,imap.mail.com,993,SSL
Dublin.com,imap.mail.com,993,SSL
Mad.scientist.com,imap.mail.com,993,SSL
Mad.scientist.com,imap.mail.com,993,SSL
Teachers.org,imap.mail.com,993,SSL
Alaska.usa.com,imap.mail.com,993,SSL
Teachers.org,imap.mail.com,993,SSL
Bikerider.com,imap.mail.com,993,SSL
Alaska.usa.com,imap.mail.com,993,SSL
Bikerider.com,imap.mail.com,993,SSL
Presidency.com,imap.mail.com,993,SSL
Newyork.usa.com,imap.mail.com,993,SSL
Presidency.com,imap.mail.com,993,SSL
Newyork.usa.com,imap.mail.com,993,SSL
Comic.com,imap.mail.com,993,SSL
Comic.com,imap.mail.com,993,SSL
Politician.com,imap.mail.com,993,SSL
Politician.com,imap.mail.com,993,SSL
Techie.com,imap.mail.com,993,SSL
Techie.com,imap.mail.com,993,SSL
Toothfairy.com,imap.mail.com,993,SSL
Umpire.com,imap.mail.com,993,SSL
Toothfairy.com,imap.mail.com,993,SSL
Umpire.com,imap.mail.com,993,SSL
Royal.net,imap.mail.com,993,SSL
Royal.net,imap.mail.com,993,SSL
Deliveryman.com,imap.mail.com,993,SSL
Coolsite.net,imap.mail.com,993,SSL
Deliveryman.com,imap.mail.com,993,SSL
Loveable.com,imap.mail.com,993,SSL
Coolsite.net,imap.mail.com,993,SSL
Mindless.com,imap.mail.com,993,SSL
Loveable.com,imap.mail.com,993,SSL
Representative.com,imap.mail.com,993,SSL
Mindless.com,imap.mail.com,993,SSL
Representative.com,imap.mail.com,993,SSL
Caress.com,imap.mail.com,993,SSL
Lovecat.com,imap.mail.com,993,SSL
Caress.com,imap.mail.com,993,SSL
Reborn.com,imap.mail.com,993,SSL
Lovecat.com,imap.mail.com,993,SSL
Execs.com,imap.mail.com,993,SSL
Reborn.com,imap.mail.com,993,SSL
Execs.com,imap.mail.com,993,SSL
Inorbit.com,imap.mail.com,993,SSL
Inorbit.com,imap.mail.com,993,SSL
Dbzmail.com,imap.mail.com,993,SSL
Europemail.com,imap.mail.com,993,SSL
Dbzmail.com,imap.mail.com,993,SSL
Oath.com,imap.mail.com,993,SSL
Europemail.com,imap.mail.com,993,SSL
Legislator.com,imap.mail.com,993,SSL
Oath.com,imap.mail.com,993,SSL
Legislator.com,imap.mail.com,993,SSL
Australiamail.com,imap.mail.com,993,SSL
Financier.com,imap.mail.com,993,SSL
Australiamail.com,imap.mail.com,993,SSL
Technologist.com,imap.mail.com,993,SSL
Financier.com,imap.mail.com,993,SSL
Technologist.com,imap.mail.com,993,SSL
Instructor.net,imap.mail.com,993,SSL
Instructor.net,imap.mail.com,993,SSL
Artlover.com,imap.mail.com,993,SSL
Artlover.com,imap.mail.com,993,SSL
Toke.com,imap.mail.com,993,SSL
Toke.com,imap.mail.com,993,SSL
Nycmail.com,imap.mail.com,993,SSL
Nycmail.com,imap.mail.com,993,SSL
Realtyagent.com,imap.mail.com,993,SSL
Realtyagent.com,imap.mail.com,993,SSL
Salesperson.net,imap.mail.com,993,SSL
Salesperson.net,imap.mail.com,993,SSL
Adexec.com,imap.mail.com,993,SSL
Adexec.com,imap.mail.com,993,SSL
Computer4u.com,imap.mail.com,993,SSL
Computer4u.com,imap.mail.com,993,SSL
Secretary.net,imap.mail.com,993,SSL
Chef.net,imap.mail.com,993,SSL
Secretary.net,imap.mail.com,993,SSL
Musician.org,imap.mail.com,993,SSL
Chef.net,imap.mail.com,993,SSL
Musician.org,imap.mail.com,993,SSL
Cutey.com,imap.mail.com,993,SSL
Cutey.com,imap.mail.com,993,SSL
Bartender.net,imap.mail.com,993,SSL
Bartender.net,imap.mail.com,993,SSL
Witty.com,imap.mail.com,993,SSL
Witty.com,imap.mail.com,993,SSL
Instruction.com,imap.mail.com,993,SSL
Instruction.com,imap.mail.com,993,SSL
Priest.com,imap.mail.com,993,SSL
Priest.com,imap.mail.com,993,SSL
Angelic.com,imap.mail.com,993,SSL
Doglover.com,imap.mail.com,993,SSL
Angelic.com,imap.mail.com,993,SSL
Pacificwest.com,imap.mail.com,993,SSL
Doglover.com,imap.mail.com,993,SSL
Pacificwest.com,imap.mail.com,993,SSL
Rocketship.com,imap.mail.com,993,SSL
Disciples.com,imap.mail.com,993,SSL
Rocketship.com,imap.mail.com,993,SSL
Disciples.com,imap.mail.com,993,SSL
Koreamail.com,imap.mail.com,993,SSL
Koreamail.com,imap.mail.com,993,SSL
Hackermail.com,imap.mail.com,993,SSL
Californiamail.com,imap.mail.com,993,SSL
Hackermail.com,imap.mail.com,993,SSL
Californiamail.com,imap.mail.com,993,SSL
Seductive.com,imap.mail.com,993,SSL
Fan.com,imap.mail.com,993,SSL
Seductive.com,imap.mail.com,993,SSL
Fan.com,imap.mail.com,993,SSL
Cyberdude.com,imap.mail.com,993,SSL
Cyberdude.com,imap.mail.com,993,SSL
Whoever.com,imap.mail.com,993,SSL
Catlover.com,imap.mail.com,993,SSL
Whoever.com,imap.mail.com,993,SSL
Catlover.com,imap.mail.com,993,SSL
Doramail.com,imap.mail.com,993,SSL
Doramail.com,imap.mail.com,993,SSL
Hairdresser.net,imap.mail.com,993,SSL
Hilarious.com,imap.mail.com,993,SSL
Hairdresser.net,imap.mail.com,993,SSL
Hilarious.com,imap.mail.com,993,SSL
Saintly.com,imap.mail.com,993,SSL
Cliffhanger.com,imap.mail.com,993,SSL
Saintly.com,imap.mail.com,993,SSL
Cliffhanger.com,imap.mail.com,993,SSL
Fireman.net,imap.mail.com,993,SSL
Fireman.net,imap.mail.com,993,SSL
Gardener.com,imap.mail.com,993,SSL
Gardener.com,imap.mail.com,993,SSL
Rescueteam.com,imap.mail.com,993,SSL
2die4.com,imap.mail.com,993,SSL
Rescueteam.com,imap.mail.com,993,SSL
2die4.com,imap.mail.com,993,SSL
Chinamail.com,imap.mail.com,993,SSL
Snakebite.com,imap.mail.com,993,SSL
Chinamail.com,imap.mail.com,993,SSL
Munich.com,imap.mail.com,993,SSL
Snakebite.com,imap.mail.com,993,SSL
Munich.com,imap.mail.com,993,SSL
Boardermail.com,imap.mail.com,993,SSL
Playful.com,imap.mail.com,993,SSL
Boardermail.com,imap.mail.com,993,SSL
Atheist.com,imap.mail.com,993,SSL
Playful.com,imap.mail.com,993,SSL
Atheist.com,imap.mail.com,993,SSL
Elvisfan.com,imap.mail.com,993,SSL
Elvisfan.com,imap.mail.com,993,SSL
Alumni.com,imap.mail.com,993,SSL
Alumni.com,imap.mail.com,993,SSL
Marchmail.com,imap.mail.com,993,SSL
Scientist.com,imap.mail.com,993,SSL
Marchmail.com,imap.mail.com,993,SSL
Rockfan.com,imap.mail.com,993,SSL
Scientist.com,imap.mail.com,993,SSL
Rockfan.com,imap.mail.com,993,SSL
Thegame.com,imap.mail.com,993,SSL
Hour.com,imap.mail.com,993,SSL
Thegame.com,imap.mail.com,993,SSL
Madonnafan.com,imap.mail.com,993,SSL
Hour.com,imap.mail.com,993,SSL
Madonnafan.com,imap.mail.com,993,SSL
Petlover.com,imap.mail.com,993,SSL
Petlover.com,imap.mail.com,993,SSL
Tokyo.com,imap.mail.com,993,SSL
Winning.com,imap.mail.com,993,SSL
Tokyo.com,imap.mail.com,993,SSL
Brew-master.com,imap.mail.com,993,SSL
Winning.com,imap.mail.com,993,SSL
Brew-master.com,imap.mail.com,993,SSL
Count.com,imap.mail.com,993,SSL
Count.com,imap.mail.com,993,SSL
Allergist.com,imap.mail.com,993,SSL
Birdlover.com,imap.mail.com,993,SSL
Allergist.com,imap.mail.com,993,SSL
Birdlover.com,imap.mail.com,993,SSL
Florida.usa.com,imap.mail.com,993,SSL
Florida.usa.com,imap.mail.com,993,SSL
Englandmail.com,imap.mail.com,993,SSL
Therapist.net,imap.mail.com,993,SSL
Englandmail.com,imap.mail.com,993,SSL
Therapist.net,imap.mail.com,993,SSL
Scotlandmail.com,imap.mail.com,993,SSL
Aircraftmail.com,imap.mail.com,993,SSL
Scotlandmail.com,imap.mail.com,993,SSL
Aircraftmail.com,imap.mail.com,993,SSL
Amorous.com,imap.mail.com,993,SSL
Africamail.com,imap.mail.com,993,SSL
Amorous.com,imap.mail.com,993,SSL
Africamail.com,imap.mail.com,993,SSL
Berlin.com,imap.mail.com,993,SSL
Arizona.usa.com,imap.mail.com,993,SSL
Berlin.com,imap.mail.com,993,SSL
Arizona.usa.com,imap.mail.com,993,SSL
Alabama.usa.com,imap.mail.com,993,SSL
Dallasmail.com,imap.mail.com,993,SSL
Alabama.usa.com,imap.mail.com,993,SSL
Madrid.com,imap.mail.com,993,SSL
Dallasmail.com,imap.mail.com,993,SSL
Madrid.com,imap.mail.com,993,SSL
Moscowmail.com,imap.mail.com,993,SSL
Moscowmail.com,imap.mail.com,993,SSL
Wallet.com,imap.mail.com,993,SSL
Texas.usa.com,imap.mail.com,993,SSL
Wallet.com,imap.mail.com,993,SSL
Texas.usa.com,imap.mail.com,993,SSL
Soon.com,imap.mail.com,993,SSL
Spainmail.com,imap.mail.com,993,SSL
Soon.com,imap.mail.com,993,SSL
Spainmail.com,imap.mail.com,993,SSL
Sanfranmail.com,imap.mail.com,993,SSL
Weirdness.com,imap.mail.com,993,SSL
Sanfranmail.com,imap.mail.com,993,SSL
Optician.com,imap.mail.com,993,SSL
Weirdness.com,imap.mail.com,993,SSL
Reggaefan.com,imap.mail.com,993,SSL
Optician.com,imap.mail.com,993,SSL
Revenue.com,imap.mail.com,993,SSL
Reggaefan.com,imap.mail.com,993,SSL
Revenue.com,imap.mail.com,993,SSL
Mexicomail.com,imap.mail.com,993,SSL
Mobsters.com,imap.mail.com,993,SSL
Mexicomail.com,imap.mail.com,993,SSL
Monarchy.com,imap.mail.com,993,SSL
Mobsters.com,imap.mail.com,993,SSL
Monarchy.com,imap.mail.com,993,SSL
Poetic.com,imap.mail.com,993,SSL
Illinois.usa.com,imap.mail.com,993,SSL
Poetic.com,imap.mail.com,993,SSL
Illinois.usa.com,imap.mail.com,993,SSL
Humanoid.net,imap.mail.com,993,SSL
Humanoid.net,imap.mail.com,993,SSL
Irelandmail.com,imap.mail.com,993,SSL
Geologist.com,imap.mail.com,993,SSL
Irelandmail.com,imap.mail.com,993,SSL
Geologist.com,imap.mail.com,993,SSL
Germanymail.com,imap.mail.com,993,SSL
Germanymail.com,imap.mail.com,993,SSL
Hockeymail.com,imap.mail.com,993,SSL
Hockeymail.com,imap.mail.com,993,SSL
Italymail.com,imap.mail.com,993,SSL
Keromail.com,imap.mail.com,993,SSL
Italymail.com,imap.mail.com,993,SSL
Cybergal.com,imap.mail.com,993,SSL
Keromail.com,imap.mail.com,993,SSL
Cybergal.com,imap.mail.com,993,SSL
Feelings.com,imap.mail.com,993,SSL
Footballer.com,imap.mail.com,993,SSL
Feelings.com,imap.mail.com,993,SSL
strato.com,imap.strato.com,993,SSL
Footballer.com,imap.mail.com,993,SSL
strato.com,imap.strato.com,993,SSL
rzone.de,imap.rzone.de,993,SSL
numericable.fr,imap.numericable.fr,143,
rzone.de,imap.rzone.de,993,SSL
numericable.fr,imap.numericable.fr,143,
mxhichina.com,imap.mxhichina.com,993,SSL
mxhichina.com,imap.mxhichina.com,993,SSL
bhive.ca,mail.bhive.ca,993,SSL
bhive.ca,mail.bhive.ca,993,SSL
Freemail.hu,imap.freemail.hu,143,SSL
rediffmailpro.com,imap.rediffmailpro.com,993,SSL
Freemail.hu,imap.freemail.hu,143,SSL
rediffmailpro.com,imap.rediffmailpro.com,993,SSL
mweb.co.za,imap.mweb.co.za,143,
mweb.co.za,imap.mweb.co.za,143,
eastlink.ca,imap.eastlink.ca,993,SSL
callplus.net.nz,imap.callplus.net.nz,143,
eastlink.ca,imap.eastlink.ca,993,SSL
callplus.net.nz,imap.callplus.net.nz,143,
authsecurepro,pop.securemail.pro,993,SSL
Mailbox.org,imap.mailbox.org,993,SSL
authsecurepro,pop.securemail.pro,993,SSL
timeweb.ru,imap.timeweb.ru,993,SSL
Mailbox.org,imap.mailbox.org,993,SSL
angkasatravel.co.id,mail.angkasatravel.co.id,993,SSL
timeweb.ru,imap.timeweb.ru,993,SSL
Xs4all.nl,imap.xs4all.nl,993,SSL
angkasatravel.co.id,mail.angkasatravel.co.id,993,SSL
Xs4all.nl,imap.xs4all.nl,993,SSL
Vodamail.co.za,imap4.vodamail.co.za,143,
uni-duisburg-essen.de,mailbox.uni-duisburg-essen.de,143,TLS
Vodamail.co.za,imap4.vodamail.co.za,143,
uni-duisburg-essen.de,mailbox.uni-duisburg-essen.de,143,TLS
hannet,imap.hanmail.net,993,SSL
cableone.net,mail.cableone.net,993,SSL
hannet,imap.hanmail.net,993,SSL
slingshot.co.nz,imap.slingshot.co.nz,993,SSL
cableone.net,mail.cableone.net,993,SSL
everyone.net,imap.everyone.net,993,SSL
slingshot.co.nz,imap.slingshot.co.nz,993,SSL
ono.com,imap.ono.com,143,
everyone.net,imap.everyone.net,993,SSL
Clear.net.nz,imap.clear.net.nz,143,
ono.com,imap.ono.com,143,
Wowway.com,imap3.mail.wowway.com,143,
Clear.net.nz,imap.clear.net.nz,143,
manxiperkasa.com,imap.manxiperkasa.com,993,SSL
Wowway.com,imap3.mail.wowway.com,143,
manxiperkasa.com,imap.manxiperkasa.com,993,SSL
qip.ru,imap.qip.ru,993,SSL
Gazeta.pl,imap.gazeta.pl,993,SSL
qip.ru,imap.qip.ru,993,SSL
Gazeta.pl,imap.gazeta.pl,993,SSL
Telefonica.net,imap.telefonica.net,143,
Telefonica.net,imap.telefonica.net,143,
Singnet.com.sg,imap.singnet.com.sg.,993,
lbr-group.com,mail.lbr-group.com,993,SSL
Singnet.com.sg,imap.singnet.com.sg.,993,
tesco.net,mail.tesco.net,143,
lbr-group.com,mail.lbr-group.com,993,SSL
tesco.net,mail.tesco.net,143,
postoffice.net,imap.postoffice.net,993,SSL
postoffice.net,imap.postoffice.net,993,SSL
a.hostedecom,mail.a.hostedemail.com,993,SSL
b.hostedecom,mail.b.hostedemail.com,993,SSL
a.hostedecom,mail.a.hostedemail.com,993,SSL
hostedecom,mail.hostedemail.com,993,SSL
b.hostedecom,mail.b.hostedemail.com,993,SSL
hostedecom,mail.hostedemail.com,993,SSL
llcd393-a.servidoresdns.net,llcd393-a.servidoresdns.net,993,SSL
hughes.net,imap.hughes.net,993,SSL
llcd393-a.servidoresdns.net,llcd393-a.servidoresdns.net,993,SSL
beget.ru,imap.beget.ru,993,SSL
hughes.net,imap.hughes.net,993,SSL
sina.com,imap.sina.com,993,SSL
beget.ru,imap.beget.ru,993,SSL
cp196.ezyreg.com,cp196.ezyreg.com,993,SSL
sina.com,imap.sina.com,993,SSL
cp196.ezyreg.com,cp196.ezyreg.com,993,SSL
1uptime.net,mail.1uptime.net,993,SSL
Dianrong.com,imap.exmail.qq.com,993,SSL
1uptime.net,mail.1uptime.net,993,SSL
domain.com,imap.domain.com,993,SSL
Dianrong.com,imap.exmail.qq.com,993,SSL
domain.com,imap.domain.com,993,SSL
netclient.no,mail.netclient.no,993,SSL
mailo.com,mail.mailo.com,993,SSL
netclient.no,mail.netclient.no,993,SSL
mailo.com,mail.mailo.com,993,SSL
Protonmail.com,127.0.0.1,1143,TLS
Btinternet.com,mail.btinternet.com,993,SSL
Protonmail.com,127.0.0.1,1143,TLS
Talk21.com,mail.btinternet.com,993,SSL
Btinternet.com,mail.btinternet.com,993,SSL
Talk21.com,mail.btinternet.com,993,SSL
Btopenworld.com,mail.btinternet.com,993,SSL
mygrande.net,mail.mygrande.net,993,SSL
Btopenworld.com,mail.btinternet.com,993,SSL
mygrande.net,mail.mygrande.net,993,SSL
brighthouse.com,mail.brighthouse.com,993,SSL
brighthouse.com,mail.brighthouse.com,993,SSL
Rr.com,mail.twc.com,993,SSL
Rr.com,mail.twc.com,993,SSL
Time Warner Email,mail.twc.com,993,SSL
Time Warner Email,mail.twc.com,993,SSL
RoadRunner Email,mail.twc.com,993,SSL
Freenet.de,mx.freenet.de,993,SSL
RoadRunner Email,mail.twc.com,993,SSL
Serversp.us,167.114.109.252,993,SSL
Freenet.de,mx.freenet.de,993,SSL
Abc.plala.or.jp,abc.mail.plala.or.jp,993,SSL
Serversp.us,167.114.109.252,993,SSL
Amail.plala.or.jp,amail.mail.plala.or.jp,993,SSL
Abc.plala.or.jp,abc.mail.plala.or.jp,993,SSL
Apost.plala.or.jp,apost.mail.plala.or.jp,993,SSL
Amail.plala.or.jp,amail.mail.plala.or.jp,993,SSL
Aqua.plala.or.jp,aqua.mail.plala.or.jp,993,SSL
Apost.plala.or.jp,apost.mail.plala.or.jp,993,SSL
Aqua.plala.or.jp,aqua.mail.plala.or.jp,993,SSL
Ballade.plala.or.jp,ballade.mail.plala.or.jp,993,SSL
Bmail.plala.or.jp,bmail.mail.plala.or.jp,993,SSL
Ballade.plala.or.jp,ballade.mail.plala.or.jp,993,SSL
Bmail.plala.or.jp,bmail.mail.plala.or.jp,993,SSL
Bpost.plala.or.jp,bpost.mail.plala.or.jp,993,SSL
Bpost.plala.or.jp,bpost.mail.plala.or.jp,993,SSL
Camel.plala.or.jp,camel.mail.plala.or.jp,993,SSL
Camel.plala.or.jp,camel.mail.plala.or.jp,993,SSL
Cameo.plala.or.jp,cameo.mail.plala.or.jp,993,SSL
Cameo.plala.or.jp,cameo.mail.plala.or.jp,993,SSL
Cmail.plala.or.jp,cmail.mail.plala.or.jp,993,SSL
Cmail.plala.or.jp,cmail.mail.plala.or.jp,993,SSL
Co1.wind.ne.jp,co1.wind.ne.jp,993,SSL
Co1.wind.jp,co1.wind.ne.jp,993,SSL
Co1.wind.ne.jp,co1.wind.ne.jp,993,SSL
Co1.wind.jp,co1.wind.ne.jp,993,SSL
Cocoa.plala.or.jp,cocoa.mail.plala.or.jp,993,SSL
Coral.plala.or.jp,coral.mail.plala.or.jp,993,SSL
Cocoa.plala.or.jp,cocoa.mail.plala.or.jp,993,SSL
Alumnos.upm.es,correo.alumnos.upm.es,993,SSL
Coral.plala.or.jp,coral.mail.plala.or.jp,993,SSL
Correo.ugr.es,correo.ugr.es,993,SSL
Alumnos.upm.es,correo.alumnos.upm.es,993,SSL
Cpost.plala.or.jp,cpost.mail.plala.or.jp,993,SSL
Correo.ugr.es,correo.ugr.es,993,SSL
Cpost.plala.or.jp,cpost.mail.plala.or.jp,993,SSL
Cream.plala.or.jp,cream.mail.plala.or.jp,993,SSL
Cream.plala.or.jp,cream.mail.plala.or.jp,993,SSL
Dmail.plala.or.jp,dmail.mail.plala.or.jp,993,SSL
Ebony.plala.or.jp,ebony.mail.plala.or.jp,993,SSL
Dmail.plala.or.jp,dmail.mail.plala.or.jp,993,SSL
Active24.com,email.active24.com,993,SSL
Ebony.plala.or.jp,ebony.mail.plala.or.jp,993,SSL
Active24.com,email.active24.com,993,SSL
Smtp.cz,email.active24.com,993,SSL
Smtp.cz,email.active24.com,993,SSL
Email.plala.or.jp,email.mail.plala.or.jp,993,SSL
Fmail.plala.or.jp,fmail.mail.plala.or.jp,993,SSL
Email.plala.or.jp,email.mail.plala.or.jp,993,SSL
Fmail.plala.or.jp,fmail.mail.plala.or.jp,993,SSL
Fuga.plala.or.jp,fuga.mail.plala.or.jp,993,SSL
Go.tvm.ne.jp,go.tvm.ne.jp,993,SSL
Fuga.plala.or.jp,fuga.mail.plala.or.jp,993,SSL
Imail.plala.or.jp,imail.mail.plala.or.jp,993,SSL
Go.tvm.ne.jp,go.tvm.ne.jp,993,SSL
Imail.plala.or.jp,imail.mail.plala.or.jp,993,SSL
126.com,imap.126.com,993,SSL
126.com,imap.126.com,993,SSL
Online.de,imap.1und1.de,993,SSL
Sofort-surf.de,imap.1und1.de,993,SSL
Online.de,imap.1und1.de,993,SSL
Kundenserver.de,imap.1und1.de,993,SSL
Sofort-surf.de,imap.1und1.de,993,SSL
Kundenserver.de,imap.1und1.de,993,SSL
Sofortstart.de,imap.1und1.de,993,SSL
Sofortstart.de,imap.1und1.de,993,SSL
Onlinehome.de,imap.1und1.de,993,SSL
Go4more.de,imap.1und1.de,993,SSL
Onlinehome.de,imap.1und1.de,993,SSL
Schlund.de,imap.1und1.de,993,SSL
Go4more.de,imap.1und1.de,993,SSL
Schlund.de,imap.1und1.de,993,SSL
Sofort-start.de,imap.1und1.de,993,SSL
Sofortsurf.de,imap.1und1.de,993,SSL
Sofort-start.de,imap.1und1.de,993,SSL
Daum.net,imap.daum.net,993,SSL
Sofortsurf.de,imap.1und1.de,993,SSL
Daum.net,imap.daum.net,993,SSL
Dondominio.com,imap.dondominio.com,993,SSL
Dondominio.com,imap.dondominio.com,993,SSL
Jazztel.es,imap.jazztel.es,135,
Jazztel.es,imap.jazztel.es,135,
Gmx.net,imap.gmx.net,993,SSL
Gmx.net,imap.gmx.net,993,SSL
Gmx.biz,imap.gmx.net,993,SSL
Gmx.at,imap.gmx.net,993,SSL
Gmx.biz,imap.gmx.net,993,SSL
Gmx.de,imap.gmx.net,993,SSL
Gmx.at,imap.gmx.net,993,SSL
Gmx.ch,imap.gmx.net,993,SSL
Gmx.de,imap.gmx.net,993,SSL
Gmx.org,imap.gmx.net,993,SSL
Gmx.ch,imap.gmx.net,993,SSL
Gmx.eu,imap.gmx.net,993,SSL
Gmx.org,imap.gmx.net,993,SSL
Gmx.info,imap.gmx.net,993,SSL
Gmx.eu,imap.gmx.net,993,SSL
Gmx.info,imap.gmx.net,993,SSL
Goneo.de,imap.goneo.de,993,SSL
Goneo.de,imap.goneo.de,993,SSL
Internetserver.cz,imap.gransy.com,993,SSL
Gransy.com,imap.gransy.com,993,SSL
Internetserver.cz,imap.gransy.com,993,SSL
Gransy.com,imap.gransy.com,993,SSL
Yahoo.co.jp,imap.mail.yahoo.co.jp,993,SSL
Mailoo.org,imap.mailoo.org,993,SSL
Yahoo.co.jp,imap.mail.yahoo.co.jp,993,SSL
Mailoo.org,imap.mailoo.org,993,SSL
Ntlworld.com,imap.ntlworld.com,993,SSL
Ntlworld.com,imap.ntlworld.com,993,SSL
Peoplepc.com,imap.peoplepc.com,143,
One.cz,imap.registrator.cz,993,SSL
Peoplepc.com,imap.peoplepc.com,143,
One.cz,imap.registrator.cz,993,SSL
Sapo.pt,imap.sapo.pt,993,SSL
Sfu.ca,imap.sfu.ca,993,SSL
Sapo.pt,imap.sapo.pt,993,SSL
Sfu.ca,imap.sfu.ca,993,SSL
I.softbank.jp,imap.softbank.jp,993,SSL
I.softbank.jp,imap.softbank.jp,993,SSL
Soverin.net,imap.soverin.net,143,
Soverin.net,imap.soverin.net,143,
Strato.de,imap.strato.de,993,SSL
Strato.de,imap.strato.de,993,SSL
Rzone.de,imap.strato.de,993,SSL
Rzone.de,imap.strato.de,993,SSL
Terra.com,imap.terra.com,993,SSL
Terra.com,imap.terra.com,993,SSL
Sky.com,imap.tools.sky.com,993,SSL
Sky.com,imap.tools.sky.com,993,SSL
Uni-bremen.de,imap.uni-bremen.de,993,SSL
Uni-bremen.de,imap.uni-bremen.de,993,SSL
Webhuset.no,imap.webhuset.no,993,SSL
Webhuset.no,imap.webhuset.no,993,SSL
Yandex.com,imap.yandex.ru,993,SSL
Yandex.ua,imap.yandex.ru,993,SSL
Yandex.com,imap.yandex.ru,993,SSL
Yandex.ua,imap.yandex.ru,993,SSL
Yandex.ru,imap.yandex.ru,993,SSL
Ya.ru,imap.yandex.ru,993,SSL
Yandex.ru,imap.yandex.ru,993,SSL
Ya.ru,imap.yandex.ru,993,SSL
Yeah.net,imap.yeah.net,993,SSL
Yeah.net,imap.yeah.net,993,SSL
Blueyonder.co.uk,imap4.blueyonder.co.uk,993,SSL
Terra.es,imap4.terra.es,143,
Blueyonder.co.uk,imap4.blueyonder.co.uk,993,SSL
Terra.es,imap4.terra.es,143,
Virgin.net,imap4.virgin.net,993,SSL
Hotmail.com,imap-mail.outlook.com,993,SSL
Virgin.net,imap4.virgin.net,993,SSL
Live.com,imap-mail.outlook.com,993,SSL
Hotmail.com,imap-mail.outlook.com,993,SSL
Hotmail.co.uk,imap-mail.outlook.com,993,SSL
Live.com,imap-mail.outlook.com,993,SSL
Outlook.com,imap-mail.outlook.com,993,SSL
Hotmail.co.uk,imap-mail.outlook.com,993,SSL
Outlook.com,imap-mail.outlook.com,993,SSL
Live.co.uk,imap-mail.outlook.com,993,SSL
Hotmail.it,imap-mail.outlook.com,993,SSL
Live.co.uk,imap-mail.outlook.com,993,SSL
Live.fr,imap-mail.outlook.com,993,SSL
Hotmail.it,imap-mail.outlook.com,993,SSL
Hotmail.co.jp,imap-mail.outlook.com,993,SSL
Live.fr,imap-mail.outlook.com,993,SSL
Hotmail.fr,imap-mail.outlook.com,993,SSL
Hotmail.co.jp,imap-mail.outlook.com,993,SSL
Live.de,imap-mail.outlook.com,993,SSL
Hotmail.fr,imap-mail.outlook.com,993,SSL
Live.de,imap-mail.outlook.com,993,SSL
Hotmail.es,imap-mail.outlook.com,993,SSL
Hotmail.es,imap-mail.outlook.com,993,SSL
Live.jp,imap-mail.outlook.com,993,SSL
Hotmail.de,imap-mail.outlook.com,993,SSL
Live.jp,imap-mail.outlook.com,993,SSL
Hotmail.de,imap-mail.outlook.com,993,SSL
Live.it,imap-mail.outlook.com,993,SSL
Hotmail.com.br,imap-mail.outlook.com,993,SSL
Live.it,imap-mail.outlook.com,993,SSL
Live.co.jp,imap-mail.outlook.com,993,SSL
Hotmail.com.br,imap-mail.outlook.com,993,SSL
Live.co.jp,imap-mail.outlook.com,993,SSL
Alice.it,in.alice.it,143,
Alice.it,in.alice.it,143,
Indigo.plala.or.jp,indigo.mail.plala.or.jp,993,SSL
Jade.plala.or.jp,jade.mail.plala.or.jp,993,SSL
Indigo.plala.or.jp,indigo.mail.plala.or.jp,993,SSL
Jmail.plala.or.jp,jmail.mail.plala.or.jp,993,SSL
Jade.plala.or.jp,jade.mail.plala.or.jp,993,SSL
Khaki.plala.or.jp,khaki.mail.plala.or.jp,993,SSL
Jmail.plala.or.jp,jmail.mail.plala.or.jp,993,SSL
Kmail.plala.or.jp,kmail.mail.plala.or.jp,993,SSL
Khaki.plala.or.jp,khaki.mail.plala.or.jp,993,SSL
Kmail.plala.or.jp,kmail.mail.plala.or.jp,993,SSL
Lemon.plala.or.jp,lemon.mail.plala.or.jp,993,SSL
Vm.aikis.or.jp,mail.aikis.or.jp,993,SSL
Lemon.plala.or.jp,lemon.mail.plala.or.jp,993,SSL
Autistici.org,mail.autistici.org,993,SSL
Vm.aikis.or.jp,mail.aikis.or.jp,993,SSL
Autistici.org,mail.autistici.org,993,SSL
Biglobe.ne.jp,mail.biglobe.ne.jp,993,SSL
Coral.broba.ccv,mail.broba.cc,993,SSL
Biglobe.ne.jp,mail.biglobe.ne.jp,993,SSL
Amethyst.broba.cc,mail.broba.cc,993,SSL
Coral.broba.ccv,mail.broba.cc,993,SSL
Diamond.broba.cc,mail.broba.cc,993,SSL
Amethyst.broba.cc,mail.broba.cc,993,SSL
Diamond.broba.cc,mail.broba.cc,993,SSL
Garnet.broba.cc,mail.broba.cc,993,SSL
Garnet.broba.cc,mail.broba.cc,993,SSL
Ceaaces.gob.ec,mail.ceaaces.gob.ec,993,SSL
Ceaaces.gob.ec,mail.ceaaces.gob.ec,993,SSL
Thinline.cz,mail.cesky-hosting.cz,993,SSL
Clio.ne.jp,mail.clio.ne.jp,993,SSL
Thinline.cz,mail.cesky-hosting.cz,993,SSL
Clio.ne.jp,mail.clio.ne.jp,993,SSL
Clustermail.de,mail.clustermail.de,993,SSL
Clustermail.de,mail.clustermail.de,993,SSL
Elpasotel.net,mail.elpasotel.net,993,SSL
Elpasotel.net,mail.elpasotel.net,993,SSL
Ent.uz,mail.ent.uz,993,SSL
Gatech.edu,mail.gatech.edu,993,SSL
Ent.uz,mail.ent.uz,993,SSL
Gatech.edu,mail.gatech.edu,993,SSL
Gigahost.dk,mail.gigahost.dk,993,SSL
Gigahost.dk,mail.gigahost.dk,993,SSL
Hal.ne.jp,mail.hal.ne.jp,993,SSL
Inbox.lt,mail.inbox.lt,993,SSL
Hal.ne.jp,mail.hal.ne.jp,993,SSL
Inbox.lv,mail.inbox.lv,993,SSL
Inbox.lt,mail.inbox.lt,993,SSL
Inbox.lv,mail.inbox.lv,993,SSL
Ipax.at,mail.ipax.at,993,SSL
Mahoroba.ne.jp,mail.mahoroba.ne.jp,993,SSL
Ipax.at,mail.ipax.at,993,SSL
Mahoroba.ne.jp,mail.mahoroba.ne.jp,993,SSL
Mnet.ne.jp,mail.mnet.ne.jp,993,SSL
Mopera.net,mail.mopera.net,993,SSL
Mnet.ne.jp,mail.mnet.ne.jp,993,SSL
Pobox.com,mail.pobox.com,993,SSL
Mopera.net,mail.mopera.net,993,SSL
Riseup.net,mail.riseup.net,993,SSL
Pobox.com,mail.pobox.com,993,SSL
Rub.de,mail.ruhr-uni-bochum.de,993,SSL
Riseup.net,mail.riseup.net,993,SSL
Runbox.com,mail.runbox.com,993,SSL
Rub.de,mail.ruhr-uni-bochum.de,993,SSL
Runbox.com,mail.runbox.com,993,SSL
Runestone.net,mail.runestone.net,993,SSL
Runestone.net,mail.runestone.net,993,SSL
Sjtu.edu.cn,mail.sjtu.edu.cn,993,SSL
Sjtu.edu.cn,mail.sjtu.edu.cn,993,SSL
Student.tuwien.ac.at,mail.student.tuwien.ac.at,993,SSL
123mail.dk,mail.telenor.dk,143,TLS
Student.tuwien.ac.at,mail.student.tuwien.ac.at,993,SSL
123mail.dk,mail.telenor.dk,143,TLS
Anderledes.dk,mail.telenor.dk,143,TLS
Begavet.dk,mail.telenor.dk,143,TLS
Anderledes.dk,mail.telenor.dk,143,TLS
Begavet.dk,mail.telenor.dk,143,TLS
Cyberdude.dk,mail.telenor.dk,143,TLS
Bitnisse.dk,mail.telenor.dk,143,TLS
Cyberdude.dk,mail.telenor.dk,143,TLS
City.dk,mail.telenor.dk,143,TLS
Bitnisse.dk,mail.telenor.dk,143,TLS
City.dk,mail.telenor.dk,143,TLS
12fuel.dk,mail.telenor.dk,143,TLS
2senior.dk,mail.telenor.dk,143,TLS
12fuel.dk,mail.telenor.dk,143,TLS
Huleboer.dk,mail.telenor.dk,143,TLS
2senior.dk,mail.telenor.dk,143,TLS
Hardworking.dk,mail.telenor.dk,143,TLS
Huleboer.dk,mail.telenor.dk,143,TLS
Hardworking.dk,mail.telenor.dk,143,TLS
Heaven.dk,mail.telenor.dk,143,TLS
Heaven.dk,mail.telenor.dk,143,TLS
It.dk,mail.telenor.dk,143,TLS
Grov.dk,mail.telenor.dk,143,TLS
It.dk,mail.telenor.dk,143,TLS
Image.dk,mail.telenor.dk,143,TLS
Grov.dk,mail.telenor.dk,143,TLS
Inbound.dk,mail.telenor.dk,143,TLS
Image.dk,mail.telenor.dk,143,TLS
Inbound.dk,mail.telenor.dk,143,TLS
Indbakke.dk,mail.telenor.dk,143,TLS
Indbakke.dk,mail.telenor.dk,143,TLS
Infile.dk,mail.telenor.dk,143,TLS
Infile.dk,mail.telenor.dk,143,TLS
Knus.dk,mail.telenor.dk,143,TLS
Knus.dk,mail.telenor.dk,143,TLS
Krudt.dk,mail.telenor.dk,143,TLS
Krudt.dk,mail.telenor.dk,143,TLS
Larsen.dk,mail.telenor.dk,143,TLS
Lazy.dk,mail.telenor.dk,143,TLS
Larsen.dk,mail.telenor.dk,143,TLS
Ready.dk,mail.telenor.dk,143,TLS
Lazy.dk,mail.telenor.dk,143,TLS
Ready.dk,mail.telenor.dk,143,TLS
Pokerface.dk,mail.telenor.dk,143,TLS
Post.dia.dk,mail.telenor.dk,143,TLS
Pokerface.dk,mail.telenor.dk,143,TLS
Post.dia.dk,mail.telenor.dk,143,TLS
Pengemand.dk,mail.telenor.dk,143,TLS
Pengemand.dk,mail.telenor.dk,143,TLS
Postman.dk,mail.telenor.dk,143,TLS
Postman.dk,mail.telenor.dk,143,TLS
Privatmail.dk,mail.telenor.dk,143,TLS
Privatmail.dk,mail.telenor.dk,143,TLS
Natteliv.dk,mail.telenor.dk,143,TLS
Netbruger.dk,mail.telenor.dk,143,TLS
Natteliv.dk,mail.telenor.dk,143,TLS
Netbruger.dk,mail.telenor.dk,143,TLS
Mail.dia.dk,mail.telenor.dk,143,TLS
Lystig.dk,mail.telenor.dk,143,TLS
Mail.dia.dk,mail.telenor.dk,143,TLS
Dk2net.dk,mail.telenor.dk,143,TLS
Cyberjunkie.dk,mail.telenor.dk,143,TLS
Dk2net.dk,mail.telenor.dk,143,TLS
Elinstallatoer.dk,mail.telenor.dk,143,TLS
Cyberjunkie.dk,mail.telenor.dk,143,TLS
Elinstallatoer.dk,mail.telenor.dk,143,TLS
Elsker.dk,mail.telenor.dk,143,TLS
Elsker.dk,mail.telenor.dk,143,TLS
Elvis.dk,mail.telenor.dk,143,TLS
Elvis.dk,mail.telenor.dk,143,TLS
Fedt.dk,mail.telenor.dk,143,TLS
Forening.dk,mail.telenor.dk,143,TLS
Fedt.dk,mail.telenor.dk,143,TLS
Gason.dk,mail.telenor.dk,143,TLS
Forening.dk,mail.telenor.dk,143,TLS
Feminin.dk,mail.telenor.dk,143,TLS
Gason.dk,mail.telenor.dk,143,TLS
Grin.dk,mail.telenor.dk,143,TLS
Feminin.dk,mail.telenor.dk,143,TLS
Wol.dk,mail.telenor.dk,143,TLS
Grin.dk,mail.telenor.dk,143,TLS
Video.dk,mail.telenor.dk,143,TLS
Wol.dk,mail.telenor.dk,143,TLS
Tjekket.dk,mail.telenor.dk,143,TLS
Video.dk,mail.telenor.dk,143,TLS
Tjekket.dk,mail.telenor.dk,143,TLS
Secret.dk,mail.telenor.dk,143,TLS
Sleepy.dk,mail.telenor.dk,143,TLS
Secret.dk,mail.telenor.dk,143,TLS
Sporty.dk,mail.telenor.dk,143,TLS
Sleepy.dk,mail.telenor.dk,143,TLS
Superbruger.dk,mail.telenor.dk,143,TLS
Sporty.dk,mail.telenor.dk,143,TLS
Tanke.dk,mail.telenor.dk,143,TLS
Superbruger.dk,mail.telenor.dk,143,TLS
Tanke.dk,mail.telenor.dk,143,TLS
Taxidriver.dk,mail.telenor.dk,143,TLS
Taxidriver.dk,mail.telenor.dk,143,TLS
Teens.dk,mail.telenor.dk,143,TLS
Teknik.dk,mail.telenor.dk,143,TLS
Teens.dk,mail.telenor.dk,143,TLS
Mail.telenor.dk,mail.telenor.dk,143,TLS
Teknik.dk,mail.telenor.dk,143,TLS
Mail.telenor.dk,mail.telenor.dk,143,TLS
Email.dk,mail.telenor.dk,143,TLS
Dk-online.dk,mail.telenor.dk,143,TLS
Dk-online.dk,mail.telenor.dk,143,TLS
Email.dk,mail.telenor.dk,143,TLS
Vip.cybercity.dk,mail.telenor.dk,143,TLS
Worldonline.dk,mail.telenor.dk,143,TLS
Vip.cybercity.dk,mail.telenor.dk,143,TLS
Post.cybercity.dk,mail.telenor.dk,143,TLS
Worldonline.dk,mail.telenor.dk,143,TLS
Cool.dk,mail.telenor.dk,143,TLS
Post.cybercity.dk,mail.telenor.dk,143,TLS
12mail.dk,mail.telenor.dk,143,TLS
Cool.dk,mail.telenor.dk,143,TLS
Kulturel.dk,mail.telenor.dk,143,TLS
12mail.dk,mail.telenor.dk,143,TLS
Kulturel.dk,mail.telenor.dk,143,TLS
Jyde.dk,mail.telenor.dk,143,TLS
12move.dk,mail.telenor.dk,143,TLS
Jyde.dk,mail.telenor.dk,143,TLS
12move.dk,mail.telenor.dk,143,TLS
Privat.dia.dk,mail.telenor.dk,143,TLS
Anarki.dk,mail.telenor.dk,143,TLS
Privat.dia.dk,mail.telenor.dk,143,TLS
Anarki.dk,mail.telenor.dk,143,TLS
Film.dk,mail.telenor.dk,143,TLS
Film.dk,mail.telenor.dk,143,TLS
Quake.dk,mail.telenor.dk,143,TLS
Quake.dk,mail.telenor.dk,143,TLS
Io.dk,mail.telenor.dk,143,TLS
Io.dk,mail.telenor.dk,143,TLS
Musling.dk,mail.telenor.dk,143,TLS
Musling.dk,mail.telenor.dk,143,TLS
Ungdom.dk,mail.telenor.dk,143,TLS
Ungdom.dk,mail.telenor.dk,143,TLS
Fald.dk,mail.telenor.dk,143,TLS
Gadefejer.dk,mail.telenor.dk,143,TLS
Fald.dk,mail.telenor.dk,143,TLS
Traceroute.dk,mail.telenor.dk,143,TLS
Gadefejer.dk,mail.telenor.dk,143,TLS
Traceroute.dk,mail.telenor.dk,143,TLS
Info.dk,mail.telenor.dk,143,TLS
Min-postkasse.dk,mail.telenor.dk,143,TLS
Info.dk,mail.telenor.dk,143,TLS
Mobil.dk,mail.telenor.dk,143,TLS
Min-postkasse.dk,mail.telenor.dk,143,TLS
Mobil.dk,mail.telenor.dk,143,TLS
1031.inord.dk,mail.telenor.dk,143,TLS
1031.inord.dk,mail.telenor.dk,143,TLS
Hemmelig.dk,mail.telenor.dk,143,TLS
Hemmelig.dk,mail.telenor.dk,143,TLS
Pedal.dk,mail.telenor.dk,143,TLS
Pedal.dk,mail.telenor.dk,143,TLS
Talent.dk,mail.telenor.dk,143,TLS
Talent.dk,mail.telenor.dk,143,TLS
Maskulin.dk,mail.telenor.dk,143,TLS
Maskulin.dk,mail.telenor.dk,143,TLS
Ugenstilbud.dk,mail.telenor.dk,143,TLS
Klog.dk,mail.telenor.dk,143,TLS
Ugenstilbud.dk,mail.telenor.dk,143,TLS
Vittig.dk,mail.telenor.dk,143,TLS
Klog.dk,mail.telenor.dk,143,TLS
Vittig.dk,mail.telenor.dk,143,TLS
Tv.dk,mail.telenor.dk,143,TLS
Ucsd.edu,mail.ucsd.edu,993,SSL
Tv.dk,±æ½Utl@FiãIû€@(y@~’¶P7¥mail.telenor.dk,143,TLS
Ucsd.edu,mail.ucsd.edu,993,SSL
Mail.wind.ne.jp,mail.wind.ne.jp,993,SSL
Mail.wind.ne.jp,mail.wind.ne.jp,993,SSL
Mail.gunmanet.or.jp,mail.wind.ne.jp,993,SSL
Mail.wind.jp,mail.wind.ne.jp,993,SSL
Mail.gunmanet.or.jp,mail.wind.ne.jp,993,SSL
Mail.wind.jp,mail.wind.ne.jp,993,SSL
Mail.gunmanet.jp,mail.wind.ne.jp,993,SSL
Mail.gunmanet.ne.jp,mail.wind.ne.jp,993,SSL
Mail.gunmanet.jp,mail.wind.ne.jp,993,SSL
Mail.gunmanet.ne.jp,mail.wind.ne.jp,993,SSL
Mail.wind.co.jp,mail.wind.ne.jp,993,SSL
Mail.wind.co.jp,mail.wind.ne.jp,993,SSL
Zeelandnet.nl,mail.zeelandnet.nl,993,SSL
Uwaterloo.ca,mailservices.uwaterloo.ca,993,SSL
Zeelandnet.nl,mail.zeelandnet.nl,993,SSL
Uwaterloo.ca,mailservices.uwaterloo.ca,993,SSL
Nn.iij4u.or.jp,mbox.iij4u.or.jp,993,SSL
Bk.iij4u.or.jp,mbox.iij4u.or.jp,993,SSL
Nn.iij4u.or.jp,mbox.iij4u.or.jp,993,SSL
Bk.iij4u.or.jp,mbox.iij4u.or.jp,993,SSL
Ff.iij4u.or.jp,mbox.iij4u.or.jp,993,SSL
Dd.iij4u.or.jp,mbox.iij4u.or.jp,993,SSL
Ff.iij4u.or.jp,mbox.iij4u.or.jp,993,SSL
Ss.iij4u.or.jp,mbox.iij4u.or.jp,993,SSL
Dd.iij4u.or.jp,mbox.iij4u.or.jp,993,SSL
Ss.iij4u.or.jp,mbox.iij4u.or.jp,993,SSL
Rr.iij4u.or.jp,mbox.iij4u.or.jp,993,SSL
Rr.iij4u.or.jp,mbox.iij4u.or.jp,993,SSL
Bp.iij4u.or.jp,mbox.iij4u.or.jp,993,SSL
Bp.iij4u.or.jp,mbox.iij4u.or.jp,993,SSL
Kk.iij4u.or.jp,mbox.iij4u.or.jp,993,SSL
Bu.iij4u.or.jp,mbox.iij4u.or.jp,993,SSL
Kk.iij4u.or.jp,mbox.iij4u.or.jp,993,SSL
Bu.iij4u.or.jp,mbox.iij4u.or.jp,993,SSL
Pp.iij4u.or.jp,mbox.iij4u.or.jp,993,SSL
Pp.iij4u.or.jp,mbox.iij4u.or.jp,993,SSL
Hh.iij4u.or.jp,mbox.iij4u.or.jp,993,SSL
Hh.iij4u.or.jp,mbox.iij4u.or.jp,993,SSL
Bc.iij4u.or.jp,mbox.iij4u.or.jp,993,SSL
Bc.iij4u.or.jp,mbox.iij4u.or.jp,993,SSL
Iijmio-mail.jp,mbox.iijmio-mail.jp,993,SSL
Iijmio-mail.jp,mbox.iijmio-mail.jp,993,SSL
E23.jp,mbox.iijmio-mail.jp,993,SSL
E23.jp,mbox.iijmio-mail.jp,993,SSL
Miobox.jp,mbox.iijmio-mail.jp,993,SSL
Miobox.jp,mbox.iijmio-mail.jp,993,SSL
Miomio.jp,mbox.iijmio-mail.jp,993,SSL
Miomio.jp,mbox.iijmio-mail.jp,993,SSL
X-il.jp,mbox.iijmio-mail.jp,993,SSL
X-il.jp,mbox.iijmio-mail.jp,993,SSL
Gelsennet.de,mx.versatel.de,143,
Cneweb.de,mx.versatel.de,143,
Gelsennet.de,mx.versatel.de,143,
Ruhrnet-online.de,mx.versatel.de,143,
Cneweb.de,mx.versatel.de,143,
Ruhrnet-online.de,mx.versatel.de,143,
Telelev.de,mx.versatel.de,143,
Telelev.de,mx.versatel.de,143,
Versatel.de,mx.versatel.de,143,
Versanet.de,mx.versatel.de,143,
Versatel.de,mx.versatel.de,143,
Versanet.de,mx.versatel.de,143,
Foni.net,mx.versatel.de,143,
Telebel.de,mx.versatel.de,143,
Foni.net,mx.versatel.de,143,
Navy.plala.or.jp,navy.mail.plala.or.jp,993,SSL
Telebel.de,mx.versatel.de,143,
Opal.plala.or.jp,opal.mail.plala.or.jp,993,SSL
Navy.plala.or.jp,navy.mail.plala.or.jp,993,SSL
Prodigy.net,outbound.att.net,993,SSL
Opal.plala.or.jp,opal.mail.plala.or.jp,993,SSL
Nvbell.net,outbound.att.net,993,SSL
Prodigy.net,outbound.att.net,993,SSL
Nvbell.net,outbound.att.net,993,SSL
Pacbell.net,outbound.att.net,993,SSL
Pacbell.net,outbound.att.net,993,SSL
Ameritech.net,outbound.att.net,993,SSL
Wans.net,outbound.att.net,993,SSL
Ameritech.net,outbound.att.net,993,SSL
Swbell.net,outbound.att.net,993,SSL
Wans.net,outbound.att.net,993,SSL
Snet.net,outbound.att.net,993,SSL
Swbell.net,outbound.att.net,993,SSL
Flash.net,outbound.att.net,993,SSL
Snet.net,outbound.att.net,993,SSL
Peach.plala.or.jp,peach.mail.plala.or.jp,993,SSL
Flash.net,outbound.att.net,993,SSL
Cgl.ucsf.edu,plato.cgl.ucsf.edu,993,SSL
Peach.plala.or.jp,peach.mail.plala.or.jp,993,SSL
Cgl.ucsf.edu,plato.cgl.ucsf.edu,993,SSL
Plum.plala.or.jp,plum.mail.plala.or.jp,993,SSL
Plum.plala.or.jp,plum.mail.plala.or.jp,993,SSL
Po.dcn.ne.jp,po.dcn.ne.jp,993,SSL
Po.dcn.ne.jp,po.dcn.ne.jp,993,SSL
Inet-shibata.or.jp,po.inet-shibata.or.jp,993,SSL
Inet-shibata.or.jp,po.inet-shibata.or.jp,993,SSL
Iwafune.ne.jp,po.iwafune.ne.jp,993,SSL
Po.wind.co.jp,po.wind.ne.jp,993,SSL
Iwafune.ne.jp,po.iwafune.ne.jp,993,SSL
Po.wind.co.jp,po.wind.ne.jp,993,SSL
Polka.plala.or.jp,polka.mail.plala.or.jp,993,SSL
Polka.plala.or.jp,polka.mail.plala.or.jp,993,SSL
Pdx.edu,psumail.pdx.edu,993,SSL
Purple.plala.or.jp,purple.mail.plala.or.jp,993,SSL
Pdx.edu,psumail.pdx.edu,993,SSL
Purple.plala.or.jp,purple.mail.plala.or.jp,993,SSL
Rainbow.plala.or.jp,rainbow.mail.plala.or.jp,993,SSL
Red.plala.or.jp,red.mail.plala.or.jp,993,SSL
Rainbow.plala.or.jp,rainbow.mail.plala.or.jp,993,SSL
Rmail.plala.or.jp,rmail.mail.plala.or.jp,993,SSL
Red.plala.or.jp,red.mail.plala.or.jp,993,SSL
Rose.plala.or.jp,rose.mail.plala.or.jp,993,SSL
Rmail.plala.or.jp,rmail.mail.plala.or.jp,993,SSL
Ruby.plala.or.jp,ruby.mail.plala.or.jp,993,SSL
Rose.plala.or.jp,rose.mail.plala.or.jp,993,SSL
Sea.plala.or.jp,sea.mail.plala.or.jp,993,SSL
Ruby.plala.or.jp,ruby.mail.plala.or.jp,993,SSL
Xtra.co.nz,send.xtra.co.nz,993,SSL
Sea.plala.or.jp,sea.mail.plala.or.jp,993,SSL
Silver.plala.or.jp,silver.mail.plala.or.jp,993,SSL
Xtra.co.nz,send.xtra.co.nz,993,SSL
Silver.plala.or.jp,silver.mail.plala.or.jp,993,SSL
Smail.plala.or.jp,smail.mail.plala.or.jp,993,SSL
Snow.plala.or.jp,snow.mail.plala.or.jp,993,SSL
Smail.plala.or.jp,smail.mail.plala.or.jp,993,SSL
Snow.plala.or.jp,snow.mail.plala.or.jp,993,SSL
Sonata.plala.or.jp,sonata.mail.plala.or.jp,993,SSL
Sonata.plala.or.jp,sonata.mail.plala.or.jp,993,SSL
Tmail.plala.or.jp,tmail.mail.plala.or.jp,993,SSL
Tmail.plala.or.jp,tmail.mail.plala.or.jp,993,SSL
Topaz.plala.or.jp,topaz.mail.plala.or.jp,993,SSL
Topaz.plala.or.jp,topaz.mail.plala.or.jp,993,SSL
Umail.plala.or.jp,umail.mail.plala.or.jp,993,SSL
Umail.plala.or.jp,umail.mail.plala.or.jp,993,SSL
Studenti.univr.it,univr.mail.cineca.it,993,SSL
Studenti.univr.it,univr.mail.cineca.it,993,SSL
Vmail.plala.or.jp,vmail.mail.plala.or.jp,993,SSL
Vmail.plala.or.jp,vmail.mail.plala.or.jp,993,SSL
Vp.tiki.ne.jp,vs.tiki.ne.jp,993,SSL
Vp.tiki.ne.jp,vs.tiki.ne.jp,993,SSL
Wave.plala.or.jp,wave.mail.plala.or.jp,993,SSL
Ntymail.com,webmail.ntymail.com,993,SSL
Wave.plala.or.jp,wave.mail.plala.or.jp,993,SSL
White.plala.or.jp,white.mail.plala.or.jp,993,SSL
Ntymail.com,webmail.ntymail.com,993,SSL
Wmail.plala.or.jp,wmail.mail.plala.or.jp,993,SSL
White.plala.or.jp,white.mail.plala.or.jp,993,SSL
Xmail.plala.or.jp,xmail.mail.plala.or.jp,993,SSL
Wmail.plala.or.jp,wmail.mail.plala.or.jp,993,SSL
Xmail.plala.or.jp,xmail.mail.plala.or.jp,993,SSL
Xpost.plala.or.jp,xpost.mail.plala.or.jp,993,SSL
Yellow.plala.or.jp,yellow.mail.plala.or.jp,993,SSL
Xpost.plala.or.jp,xpost.mail.plala.or.jp,993,SSL
Yellow.plala.or.jp,yellow.mail.plala.or.jp,993,SSL
Ymail.plala.or.jp,ymail.mail.plala.or.jp,993,SSL
Ypost.plala.or.jp,ypost.mail.plala.or.jp,993,SSL
Ymail.plala.or.jp,ymail.mail.plala.or.jp,993,SSL
Ypost.plala.or.jp,ypost.mail.plala.or.jp,993,SSL
Zmail.plala.or.jp,zmail.mail.plala.or.jp,993,SSL
Zmail.plala.or.jp,zmail.mail.plala.or.jp,993,SSL
Zpost.plala.or.jp,zpost.mail.plala.or.jp,993,SSL
ukraine.com.ua,mail.ukraine.com.ua,143,
Zpost.plala.or.jp,zpost.mail.plala.or.jp,993,SSL
3rdeyedev.com,mail.3rdeyedev.com,993,SSL/TLS
ukraine.com.ua,mail.ukraine.com.ua,143,
Abit.bt,mail.abit.bt,993,SSL/TLS
3rdeyedev.com,mail.3rdeyedev.com,993,SSL/TLS
Agate.plala.or.jp,agate.mail.plala.or.jp,993,SSL
Abit.bt,mail.abit.bt,993,SSL/TLS
Agate.plala.or.jp,agate.mail.plala.or.jp,993,SSL
Amber.plala.or.jp,amber.mail.plala.or.jp,993,SSL
Amber.plala.or.jp,amber.mail.plala.or.jp,993,SSL
Aon.at,securemail.a1.net,993,SSL
Bay.gunmanet.ne.jp,bay.wind.ne.jp,993,SSL
Aon.at,securemail.a1.net,993,SSL
Bay.gunmanet.or.jp,bay.wind.ne.jp,993,SSL
Bay.gunmanet.ne.jp,bay.wind.ne.jp,993,SSL
Bay.wind.co.jp,bay.wind.ne.jp,993,SSL
Bay.gunmanet.or.jp,bay.wind.ne.jp,993,SSL
Bay.wind.jp,bay.wind.ne.jp,993,SSL
Bay.wind.co.jp,bay.wind.ne.jp,993,SSL
Bay.wind.ne.jp,bay.wind.ne.jp,993,SSL
Bay.wind.jp,bay.wind.ne.jp,993,SSL
Bb-niigata.jp,pop.bb-niigata.jp,993,SSL
Bay.wind.ne.jp,bay.wind.ne.jp,993,SSL
Bb-niigata.jp,pop.bb-niigata.jp,993,SSL
Beige.plala.or.jp,beige.mail.plala.or.jp,993,SSL
Beige.plala.or.jp,beige.mail.plala.or.jp,993,SSL
Blue.plala.or.jp,blue.mail.plala.or.jp,993,SSL
Blue.plala.or.jp,blue.mail.plala.or.jp,993,SSL
Bolero.plala.or.jp,bolero.mail.plala.or.jp,993,SSL
Brown.plala.or.jp,brown.mail.plala.or.jp,993,SSL
Bolero.plala.or.jp,bolero.mail.plala.or.jp,993,SSL
Co2.wind.jp,co2.wind.ne.jp,993,SSL
Brown.plala.or.jp,brown.mail.plala.or.jp,993,SSL
Co2.wind.jp,co2.wind.ne.jp,993,SSL
Co2.wind.ne.jp,co2.wind.ne.jp,993,SSL
Co3.wind.jp,co3.wind.ne.jp,993,SSL
Co2.wind.ne.jp,co2.wind.ne.jp,993,SSL
Co3.wind.jp,co3.wind.ne.jp,993,SSL
Co3.wind.ne.jp,co3.wind.ne.jp,993,SSL
Co3.wind.ne.jp,co3.wind.ne.jp,993,SSL
Coda.plala.or.jp,coda.mail.plala.or.jp,993,SSL
Concerto.plala.or.jp,concerto.mail.plala.or.jp,993,SSL
Coda.plala.or.jp,coda.mail.plala.or.jp,993,SSL
Concerto.plala.or.jp,concerto.mail.plala.or.jp,993,SSL
Courante.plala.or.jp,courante.mail.plala.or.jp,993,SSL
Courante.plala.or.jp,courante.mail.plala.or.jp,993,SSL
Dan.gunmanet.ne.jp,dan.wind.ne.jp,993,SSL
Dan.gunmanet.ne.jp,dan.wind.ne.jp,993,SSL
Dan.gunmanet.or.jp,dan.wind.ne.jp,993,SSL
Dan.gunmanet.or.jp,dan.wind.ne.jp,993,SSL
Dan.wind.co.jp,dan.wind.ne.jp,993,SSL
Dan.wind.jp,dan.wind.ne.jp,993,SSL
Dan.wind.co.jp,dan.wind.ne.jp,993,SSL
Dan.wind.jp,dan.wind.ne.jp,993,SSL
Dan.wind.ne.jp,dan.wind.ne.jp,993,SSL
Dance.plala.or.jp,dance.mail.plala.or.jp,993,SSL
Dan.wind.ne.jp,dan.wind.ne.jp,993,SSL
Dance.plala.or.jp,dance.mail.plala.or.jp,993,SSL
Edgeppe.com,mail4.hostingplatform.com,993,SSL
Fantasy.plala.or.jp,fantasy.mail.plala.or.jp,993,SSL
Edgeppe.com,mail4.hostingplatform.com,993,SSL
Fantasy.plala.or.jp,fantasy.mail.plala.or.jp,993,SSL
Flamenco.plala.or.jp,flamenco.mail.plala.or.jp,993,SSL
Gmail.plala.or.jp,gmail.mail.plala.or.jp,993,SSL
Flamenco.plala.or.jp,flamenco.mail.plala.or.jp,993,SSL
Gmail.plala.or.jp,gmail.mail.plala.or.jp,993,SSL
Grape.plala.or.jp,grape.mail.plala.or.jp,993,SSL
Grape.plala.or.jp,grape.mail.plala.or.jp,993,SSL
Gray.plala.or.jp,gray.mail.plala.or.jp,993,SSL
Gray.plala.or.jp,gray.mail.plala.or.jp,993,SSL
Hana.or.jp,mail.hana.or.jp,993,SSL
Hana.or.jp,mail.hana.or.jp,993,SSL
Ivory.plala.or.jp,ivory.mail.plala.or.jp,993,SSL
Jet.ne.jp,imap.jet.ne.jp,993,SSL
Jet.ne.jp,imap.jet.ne.jp,993,SSL
K1.gunmanet.ne.jp,kl.wind.ne.jp,993,SSL
Ivory.plala.or.jp,ivory.mail.plala.or.jp,993,SSL
K1.gunmanet.ne.jp,kl.wind.ne.jp,993,SSL
K1.gunmanet.or.jp,kl.wind.ne.jp,993,SSL
K1.wind.jp,kl.wind.ne.jp,993,SSL
K1.gunmanet.or.jp,kl.wind.ne.jp,993,SSL
K1.wind.ne.jp,kl.wind.ne.jp,993,SSL
Kl.gunmanet.ne.jp,kl.wind.ne.jp,993,SSL
K1.wind.ne.jp,kl.wind.ne.jp,993,SSL
K1.wind.jp,kl.wind.ne.jp,993,SSL
Kl.gunmanet.ne.jp,kl.wind.ne.jp,993,SSL
Kl.gunmanet.or.jp,kl.wind.ne.jp,993,SSL
Kl.wind.co.jp,kl.wind.ne.jp,993,SSL
Kl.gunmanet.or.jp,kl.wind.ne.jp,993,SSL
Kl.wind.co.jp,kl.wind.ne.jp,993,SSL
Kl.wind.jp,kl.wind.ne.jp,993,SSL
Kl.wind.jp,kl.wind.ne.jp,993,SSL
Lapis.plala.or.jp,lapis.mail.plala.or.jp,993,SSL
Po.gunmanet.ne.jp,po.wind.ne.jp,993,SSL
Lapis.plala.or.jp,lapis.mail.plala.or.jp,993,SSL
Po.gunmanet.or.jp,po.wind.ne.jp,993,SSL
Po.gunmanet.ne.jp,po.wind.ne.jp,993,SSL
Po.gunmanet.or.jp,po.wind.ne.jp,993,SSL
Po.wind.jp,po.wind.ne.jp,993,SSL
Po.wind.ne.jp,po.wind.ne.jp,993,SSL
Po.wind.jp,po.wind.ne.jp,993,SSL
Lilac.plala.or.jp,lilac.mail.plala.or.jp,993,SSL
Po.wind.ne.jp,po.wind.ne.jp,993,SSL
Lime.plala.or.jp,lime.mail.plala.or.jp,993,SSL
Lilac.plala.or.jp,lilac.mail.plala.or.jp,993,SSL
Lime.plala.or.jp,lime.mail.plala.or.jp,993,SSL
Mail.iwafune.ne.jp,mail.iwafune.ne.jp,993,SSL
Mail.iwafune.ne.jp,mail.iwafune.ne.jp,993,SSL
Maroon.plala.or.jp,mail.iwafune.ne.jp,993,SSL
Minuet.plala.or.jp,minuet.mail.plala.or.jp,993,SSL
Maroon.plala.or.jp,mail.iwafune.ne.jp,993,SSL
Ml.murakami.ne.jp,ml.murakami.ne.jp,993,SSL
Minuet.plala.or.jp,minuet.mail.plala.or.jp,993,SSL
Ml.murakami.ne.jp,ml.murakami.ne.jp,993,SSL
Nsat.jp,mail.nsat.jp,993,SSL
Nsat.jp,mail.nsat.jp,993,SSL
Olive.plala.or.jp,olive.mail.plala.or.jp,993,SSL
Orange.plala.or.jp,orange.mail.plala.or.jp,993,SSL
Olive.plala.or.jp,olive.mail.plala.or.jp,993,SSL
Orchid.plala.or.jp,orchid.mail.plala.or.jp,993,SSL
Orange.plala.or.jp,orange.mail.plala.or.jp,993,SSL
Orchid.plala.or.jp,orchid.mail.plala.or.jp,993,SSL
Palette.plala.or.jp,palette.mail.plala.or.jp,993,SSL
Palette.plala.or.jp,palette.mail.plala.or.jp,993,SSL
Plank.life,mail.plank.life,993,SSL
Plank.life,mail.plank.life,993,SSL
Pmczuid.nl,mail.pmczuid.nl,993,SSL
Rondo.plala.or.jp,rondo.mail.plala.or.jp,993,SSL
Pmczuid.nl,mail.pmczuid.nl,993,SSL
Rondo.plala.or.jp,rondo.mail.plala.or.jp,993,SSL
Rouge.plala.or.jp,rouge.mail.plala.or.jp,993,SSL
Sepia.plala.or.jp,sepia.mail.plala.or.jp,993,SSL
Rouge.plala.or.jp,rouge.mail.plala.or.jp,993,SSL
Sepia.plala.or.jp,sepia.mail.plala.or.jp,993,SSL
Serenade.plala.or.jp,serenade.mail.plala.or.jp,993,SSL
Silk.plala.or.jp,silk.mail.plala.or.jp,993,SSL
Serenade.plala.or.jp,serenade.mail.plala.or.jp,993,SSL
Silk.plala.or.jp,silk.mail.plala.or.jp,993,SSL
Sky.plala.or.jp,silk.mail.plala.or.jp,993,SSL
Sky.plala.or.jp,silk.mail.plala.or.jp,993,SSL
So.wind.jp,so.wind.ne.jp,143,None
So.wind.jp,so.wind.ne.jp,143,None
So.wind.ne.jp,so.wind.ne.jp,143,None
Suite.plala.or.jp,suite.mail.plala.or.jp,993,SSL
So.wind.ne.jp,so.wind.ne.jp,143,None
Suite.plala.or.jp,suite.mail.plala.or.jp,993,SSL
Suttamagga.it,imaps.aruba.it,993,SSL
Symphony.plala.or.jp,symphony.mail.plala.or.jp,993,SSL
Suttamagga.it,imaps.aruba.it,993,SSL
Taupe.plala.or.jp,taupe.mail.plala.or.jp,993,SSL
Symphony.plala.or.jp,symphony.mail.plala.or.jp,993,SSL
Toccata.plala.or.jp,toccata.mail.plala.or.jp,993,SSL
Taupe.plala.or.jp,taupe.mail.plala.or.jp,993,SSL
Toccata.plala.or.jp,toccata.mail.plala.or.jp,993,SSL
Trio.plala.or.jp,trio.mail.plala.or.jp,993,SSL
Violet.plala.or.jp,violet.mail.plala.or.jp,993,SSL
Trio.plala.or.jp,trio.mail.plala.or.jp,993,SSL
Violet.plala.or.jp,violet.mail.plala.or.jp,993,SSL
Waltz.plala.or.jp,waltz.mail.plala.or.jp,993,SSL
Wine.plala.or.jp,wine.mail.plala.or.jp,993,SSL
Waltz.plala.or.jp,waltz.mail.plala.or.jp,993,SSL
Xp.wind.jp,xp.wind.jp,993,SSL
Wine.plala.or.jp,wine.mail.plala.or.jp,993,SSL
Bluehost,mail.yourdomain.com,993,SSL
Xp.wind.jp,xp.wind.jp,993,SSL
Mediatemple.net,imap.example-mt.com,993,SSL
Bluehost,mail.yourdomain.com,993,SSL
Mediatemple.net,imap.example-mt.com,993,SSL
Mediatemplegrid.net,mail.example.com,993,SSL
Mediatemplegrid.net,mail.example.com,993,SSL
SmarshMail.com,mail.smarshmail.com,993,SSL
Stackmail.com,imap.stackmail.com,993,SSL
SmarshMail.com,mail.smarshmail.com,993,SSL
Stackmail.com,imap.stackmail.com,993,SSL
Kolabnow.com,imap.kolabnow.com,993,SSL
Mailfence.com,imap.mailfence.com,993,SSL
Kolabnow.com,imap.kolabnow.com,993,SSL
Mailfence.com,imap.mailfence.com,993,SSL
Hushmail.com,imap.hushmail.com,993,SSL
Polarismail.com,imap.emailarray.com,993,SSL
Hushmail.com,imap.hushmail.com,993,SSL
Airmail.net,imap.airmail.net,143,
Polarismail.com,imap.emailarray.com,993,SSL
Atlas.cz,imap.atlas.cz,993,SSL
Airmail.net,imap.airmail.net,143,
Atlas.cz,imap.atlas.cz,993,SSL
Volny.cz,imap.volny.cz,993,SSL
Volny.cz,imap.volny.cz,993,SSL
Primus.ca,imap.primus.ca,993,SSL
Primus.ca,imap.primus.ca,993,SSL
Centrum.cz,imap.centrum.cz,993,SSL
Localnet.com,mail.localnet.com,110,
Centrum.cz,imap.centrum.cz,993,SSL
Localnet.com,mail.localnet.com,110,
Tiscali.cz,imap.tiscali.cz,993,
F2s.com,inmail.f2s.com,143,
Tiscali.cz,imap.tiscali.cz,993,
Mymts.net,mail.mymts.net,993,SSL
F2s.com,inmail.f2s.com,143,
Mymts.net,mail.mymts.net,993,SSL
Open-Xchange.com,imap.open-xchange.com,143,
Sasktel.net,mail.sasktel.net,995,SSL
Open-Xchange.com,imap.open-xchange.com,143,
Sasktel.net,mail.sasktel.net,995,SSL
Lycos.com,imap.lycos.com,143,SSL
Ewetel.net,imap.ewe.net,993,SSL
Lycos.com,imap.lycos.com,143,SSL
Ewetel.net,imap.ewe.net,993,SSL
Dreamhost.com,imap.dreamhost.com,993,SSL
Yopmail.com,mail-imap.yopmail.com,993,SSL
Dreamhost.com,imap.dreamhost.com,993,SSL
Yopmail.com,mail-imap.yopmail.com,993,SSL
Westnet.com.au,mail.westnet.com.au,993,SSL
Us.army.mil,imap.us.army.mil,993,SSL
Westnet.com.au,mail.westnet.com.au,993,SSL
Us.army.mil,imap.us.army.mil,993,SSL
Planet.nl,imap.planet.nl,143,
Planet.nl,imap.planet.nl,143,
Tut.by,mail.tut.by,143,
Aliceadsl.fr,imap.aliceadsl.fr,143,
Tut.by,mail.tut.by,143,
Vivaldi.net,imap.vivaldi.net,143,
Aliceadsl.fr,imap.aliceadsl.fr,143,
Vivaldi.net,imap.vivaldi.net,143,
Lineone.net,mail.talktalk.net,993,SSL
Lineone.net,mail.talktalk.net,993,SSL
Ozemail.com.au,imap.ozemail.com.au,143,
Ozemail.com.au,imap.ozemail.com.au,143,
Zoominternet.net,imap.zoominternet.net,993,SSL
Hispeed.ch,imap.hispeed.ch,993,
Zoominternet.net,imap.zoominternet.net,993,SSL
Hispeed.ch,imap.hispeed.ch,993,
139.com,imap.139.com,993,SSL
139.com,imap.139.com,993,SSL
Adam.com.au,securemail.adam.com.au,993,SSL
Adam.com.au,securemail.adam.com.au,993,SSL
Netvigator.com,imap.netvigator.com,993,SSL
Netvigator.com,imap.netvigator.com,993,SSL
Execulink.com,sslmail.execulink.com,993,SSL
Execulink.com,sslmail.execulink.com,993,SSL
Ovh.ca,imap.mail.ovh.ca,993,SSL
ocn.ne.jp,imap.ocn.ne.jp,993,SSL
Ovh.ca,imap.mail.ovh.ca,993,SSL
ocn.ne.jp,imap.ocn.ne.jp,993,SSL
currently.com,imap.mail.att.net,993,SSL
currently.com,imap.mail.att.net,993,SSL
Nazwa.pl,twojserwer.nazwa.pl,993,SSL
Home.pl,post.pl,993,SSL
Nazwa.pl,twojserwer.nazwa.pl,993,SSL
Etisalat.ae,exmail.emirates.net.ae,993,SSL
Home.pl,post.pl,993,SSL
Netspace.net.au,imap.netspace.net.au,110,
Etisalat.ae,exmail.emirates.net.ae,993,SSL
Ventraip.com.au,ventraip.email,993,SSL
Netspace.net.au,imap.netspace.net.au,110,
Myquix.de,imap.myquix.de,993,SSL
Ventraip.com.au,ventraip.email,993,SSL
Myquix.de,imap.myquix.de,993,SSL
Inexio.de,relay1.inexio.net,993,SSL
Inexio.de,relay1.inexio.net,993,SSL
Googlemail.com,imap.gmail.com,993,SSL
Gmail.com,imap.gmail.com,993,SSL
Googlemail.com,imap.gmail.com,993,SSL
Google.com,imap.gmail.com,993,SSL
Gmail.com,imap.gmail.com,993,SSL
GSuite,imap.gmail.com,993,SSL
Google.com,imap.gmail.com,993,SSL
GSuite,imap.gmail.com,993,SSL
Globo.com,imap.gmail.com,993,SSL
Att.net,imap.mail.yahoo.com,993,SSL
Globo.com,imap.gmail.com,993,SSL
Att.net,imap.mail.yahoo.com,993,SSL
Yahoo.com,imap.mail.yahoo.com,993,SSL
Yahoo.co.uk,imap.mail.yahoo.com,993,SSL
Yahoo.com,imap.mail.yahoo.com,993,SSL
Yahoo.co.uk,imap.mail.yahoo.com,993,SSL
Bellsouth.net,imap.mail.yahoo.com,993,SSL
Ymail.com,imap.mail.yahoo.com,993,SSL
Bellsouth.net,imap.mail.yahoo.com,993,SSL
Yahoo.com.hk,imap.mail.yahoo.com,993,SSL
Ymail.com,imap.mail.yahoo.com,993,SSL
Yahoo.com.br,imap.mail.yahoo.com,993,SSL
Yahoo.com.hk,imap.mail.yahoo.com,993,SSL
Yahoo.com.br,imap.mail.yahoo.com,993,SSL
Yahoo.com.au,imap.mail.yahoo.com,993,SSL
Yahoo.com.au,imap.mail.yahoo.com,993,SSL
Yahoo.com.tw,imap.mail.yahoo.com,993,SSL
Yahoo.com.tw,imap.mail.yahoo.com,993,SSL
Rogers.com,imap.mail.yahoo.com,993,SSL
Rocketmail.com,imap.mail.yahoo.com,993,SSL
Rogers.com,imap.mail.yahoo.com,993,SSL
Rocketmail.com,imap.mail.yahoo.com,993,SSL
Yahoo.co.nz,imap.mail.yahoo.com,993,SSL
Yahoo.ca,imap.mail.yahoo.com,993,SSL
Yahoo.co.nz,imap.mail.yahoo.com,993,SSL
Yahoo.fr,imap.mail.yahoo.com,993,SSL
Yahoo.ca,imap.mail.yahoo.com,993,SSL
Yahoo.fr,imap.mail.yahoo.com,993,SSL
Yahoo.co.in,imap.mail.yahoo.com,993,SSL
Yahoo.co.in,imap.mail.yahoo.com,993,SSL
Yahoo.it,imap.mail.yahoo.com,993,SSL
Yahoo.com.vn,imap.mail.yahoo.com,993,SSL
Yahoo.it,imap.mail.yahoo.com,993,SSL
Yahoo.com.vn,imap.mail.yahoo.com,993,SSL
Yahoo.es,imap.mail.yahoo.com,993,SSL
Yahoo.com.mx,imap.mail.yahoo.com,993,SSL
Yahoo.es,imap.mail.yahoo.com,993,SSL
Yahoo.com.mx,imap.mail.yahoo.com,993,SSL
Yahoo.de,imap.mail.yahoo.com,993,SSL
Yahoo.de,imap.mail.yahoo.com,993,SSL
Yahoo.com.ar,imap.mail.yahoo.com,993,SSL
Yahoo.gr,imap.mail.yahoo.com,993,SSL
Yahoo.com.ar,imap.mail.yahoo.com,993,SSL
Yahoo.co.id,imap.mail.yahoo.com,993,SSL
Yahoo.gr,imap.mail.yahoo.com,993,SSL
Yahoo.se,imap.mail.yahoo.com,993,SSL
Yahoo.co.id,imap.mail.yahoo.com,993,SSL
Yahoo.pl,imap.mail.yahoo.com,993,SSL
Yahoo.se,imap.mail.yahoo.com,993,SSL
Yahoodns.net,imap.mail.yahoo.com,993,SSL
Yahoo.pl,imap.mail.yahoo.com,993,SSL
Yahoodns.net,imap.mail.yahoo.com,993,SSL
Yahoo.in,imap.mail.yahoo.com,993,SSL
Gmx.ru,imap.gmx.com,993,SSL
Yahoo.in,imap.mail.yahoo.com,993,SSL
Gmx.ru,imap.gmx.com,993,SSL
Gmx.tm,imap.gmx.com,993,SSL
Gmx.tm,imap.gmx.com,993,SSL
Gmx.it,imap.gmx.com,993,SSL
Gmx.pt,imap.gmx.com,993,SSL
Gmx.it,imap.gmx.com,993,SSL
gmx.com,imap.gmx.com,993,SSL
Gmx.pt,imap.gmx.com,993,SSL
Gmx.ca,imap.gmx.com,993,SSL
gmx.com,imap.gmx.com,993,SSL
Gmx.ca,imap.gmx.com,993,SSL
Gmx.cn,imap.gmx.com,993,SSL
Gmx.cn,imap.gmx.com,993,SSL
Gmx.co.in,imap.gmx.com,993,SSL
Gmx.co.uk,imap.gmx.com,993,SSL
Gmx.co.in,imap.gmx.com,993,SSL
Gmx.com.br,imap.gmx.com,993,SSL
Gmx.co.uk,imap.gmx.com,993,SSL
Gmx.com.my,imap.gmx.com,993,SSL
Gmx.com.br,imap.gmx.com,993,SSL
Gmx.com.tr,imap.gmx.com,993,SSL
Gmx.com.my,imap.gmx.com,993,SSL
Gmx.hk,imap.gmx.com,993,SSL
Gmx.com.tr,imap.gmx.com,993,SSL
Gmx.hk,imap.gmx.com,993,SSL
Gmx.ie,imap.gmx.com,993,SSL
Gmx.li,imap.gmx.com,993,SSL
Gmx.ie,imap.gmx.com,993,SSL
Gmx.li,imap.gmx.com,993,SSL
Gmx.ph,imap.gmx.com,993,SSL
Gmx.ph,imap.gmx.com,993,SSL
Gmx.se,imap.gmx.com,993,SSL
Gmx.sg,imap.gmx.com,993,SSL
Gmx.se,imap.gmx.com,993,SSL
Gmx.sg,imap.gmx.com,993,SSL
Gmx.tw,imap.gmx.com,993,SSL
Gmx.es,imap.gmx.com,993,SSL
Gmx.tw,imap.gmx.com,993,SSL
Gmx.fr,imap.gmx.com,993,SSL
Gmx.es,imap.gmx.com,993,SSL
Gmx.us,imap.gmx.com,993,SSL
Gmx.fr,imap.gmx.com,993,SSL
Gmx.us,imap.gmx.com,993,SSL
Watch-out.ca,imap.zoho.com,993,SSL
Watch-out.ca,imap.zoho.com,993,SSL
Zoho.com,imap.zoho.com,993,SSL
Zoho.com,imap.zoho.com,993,SSL
Zohomail.com,imap.zoho.com,993,SSL
Zohomail.com,imap.zoho.com,993,SSL
Sent.com,imap.fastmail.com,993,SSL
Sent.com,imap.fastmail.com,993,SSL
Fastmail.com,imap.fastmail.com,993,SSL
Fastmail.fm,imap.fastmail.com,993,SSL
Fastmail.com,imap.fastmail.com,993,SSL
Messagingengine.com,imap.fastmail.com,993,SSL
Fastmail.fm,imap.fastmail.com,993,SSL
Aol.com,imap.aol.com,993,SSL
Messagingengine.com,imap.fastmail.com,993,SSL
Aim.com,imap.aol.com,993,SSL
Aol.com,imap.aol.com,993,SSL
Aim.com,imap.aol.com,993,SSL
Netscape.net,imap.aol.com,993,SSL
Netscape.net,imap.aol.com,993,SSL
.mac,imap.mail.me.com,993,SSL
.mac,imap.mail.me.com,993,SSL
.me,imap.mail.me.com,993,SSL
Mac.com,imap.mail.me.com,993,SSL
.me,imap.mail.me.com,993,SSL
Me.com,imap.mail.me.com,993,SSL
Mac.com,imap.mail.me.com,993,SSL
Icloud.com,imap.mail.me.com,993,SSL
Me.com,imap.mail.me.com,993,SSL
Verizon.net,imap.aol.com,993,SSL
Icloud.com,imap.mail.me.com,993,SSL
Verizon.net,imap.aol.com,993,SSL
