Provider,SMTP Server,SMTP Port,SMTP Security
.mac,smtp.mail.me.com,587,TLS
.me,smtp.mail.me.com,587,TLS
1031.inord.dk,mail.telenor.dk,587,TLS
123mail.dk,mail.telenor.dk,587,TLS
123-reg.co.uk,smtp.123-reg.co.uk,465,SSL
126.com,smtp.126.com,465,SSL
12fuel.dk,mail.telenor.dk,587,TLS
12mail.dk,mail.telenor.dk,587,TLS
12move.dk,mail.telenor.dk,587,TLS
139.com,smtp.139.com,465,TLS
163.com,smtp.163.com,465,SSL
1and1.co.uk,auth.smtp.1and1.co.uk,587,TLS
1and1.com,smtp.1and1.com,587,TLS
1and1.fr,auth.smtp.1and1.fr,587,TLS
1uptime.net,mail.1uptime.net,465,SSL
2die4.com,smtp.mail.com,465,SSL
2senior.dk,mail.telenor.dk,587,TLS
3rdeyedev.com,mail.3rdeyedev.com,587,TLS
a.hostedecom,mail.a.hostedemail.com,587,TLS
a1.net,smtp.a1.net,25,
Abc.plala.or.jp,abc.mail.plala.or.jp,587,
Abit.bt,mail.abit.bt,587,STARTTLS
Abv.bg,smtp.abv.bg,465,SSL
Accountant.com,smtp.mail.com,465,SSL
Active24.com,email.active24.com,465,SSL
Activist.com,smtp.mail.com,465,SSL
Adam.com.au,securemail.adam.com.au,465,TLS
Adexec.com,smtp.mail.com,465,SSL
Africamail.com,smtp.mail.com,465,SSL
Agate.plala.or.jp,agate.mail.plala.or.jp,587,TLS
Aim.com,smtp.aol.com,465,SSL
Aircraftmail.com,smtp.mail.com,465,SSL
Airmail.net,smtp.airmail.net,587,
Alabama.usa.com,smtp.mail.com,465,SSL
Alaska.usa.com,smtp.mail.com,465,SSL
Alice.it,out.alice.it,587,
Aliceadsl.fr,smtp.aliceadsl.fr,25,
Allergist.com,smtp.mail.com,465,SSL
Alumni.com,smtp.mail.com,465,SSL
Alumnidirector.com,smtp.mail.com,465,SSL
Alumnos.upm.es,smtp.upm.es,587,TLS
Amail.plala.or.jp,amail.mail.plala.or.jp,587,
Amber.plala.or.jp,amber.mail.plala.or.jp,587,TLS
Americamail.com,smtp.mail.com,465,SSL
Ameritech.net,outbound.att.net,465,SSL
Amethyst.broba.cc,mail.broba.cc,587,
Amorous.com,smtp.mail.com,465,SSL
Anarki.dk,mail.telenor.dk,587,TLS
Anderledes.dk,mail.telenor.dk,587,TLS
Angelic.com,smtp.mail.com,465,SSL
angkasatravel.co.id,mail.angkasatravel.co.id,465,SSL
Aol.com,smtp.aol.com,465,SSL
Aon.at,securemail.a1.net,587,TLS
Apost.plala.or.jp,apost.mail.plala.or.jp,587,
Aqua.plala.or.jp,aqua.mail.plala.or.jp,587,
aquiss.net,smtp.aquiss.net,25,
Archaeologist.com,smtp.mail.com,465,SSL
Arcor.de,mail.arcor.de,465,SSL
Arizona.usa.com,smtp.mail.com,465,SSL
Artlover.com,smtp.mail.com,465,SSL
Arubapec.it,smtps.pec.aruba.it,465,SSL
asia.secureserver.net,smtpout.asia.secureserver.net,465,SSL
Asia-mail.com,smtp.mail.com,465,SSL
asimply.com,asmtp.simply.com,587,TLS
Atheist.com,smtp.mail.com,465,SSL
Atlas.cz,smtp.centrum.cz,587,TLS
Att.net,smtp.mail.yahoo.com,465,SSL
Australiamail.com,smtp.mail.com,465,SSL
auth.kundenserver.de,auth.smtp.kundenserver.de,465,SSL
authsecurepro,authsmtp.securemail.pro,465,SSL
Autistici.org,smtp.autistici.org,465,SSL
b.hostedecom,mail.b.hostedemail.com,465,SSL
Ballade.plala.or.jp,ballade.mail.plala.or.jp,587,
Bartender.net,smtp.mail.com,465,SSL
Bay.gunmanet.ne.jp,bay.wind.ne.jp,587,TLS
Bay.gunmanet.or.jp,bay.wind.ne.jp,587,TLS
Bay.wind.co.jp,bay.wind.ne.jp,587,TLS
Bay.wind.jp,bay.wind.ne.jp,587,TLS
Bay.wind.ne.jp,bay.wind.ne.jp,587,TLS
Bb-niigata.jp,pop.bb-niigata.jp,25,None
bbox.fr,smtp.bbox.fr,587,SSL
Bc.iij4u.or.jp,mbox.iij4u.or.jp,587,TLS
Begavet.dk,mail.telenor.dk,587,TLS
beget.ru,smtp.beget.ru,465,SSL
Beige.plala.or.jp,beige.mail.plala.or.jp,587,TLS
Belgacom.net,relay.proximus.be,587,SSL
Bell.net,smtphm.sympatico.ca,587,TLS
bellaliant.net,smtp.bellaliant.net,25,
Bellsouth.net,smtp.mail.yahoo.com,465,SSL
Berlin.com,smtp.mail.com,465,SSL
Bestmail.us,smtp.fastmail.com,465,SSL
bhive.ca,mail.bhive.ca,465,SSL
Bigger.com,smtp.mail.com,465,SSL
Biglobe.ne.jp,mail.biglobe.ne.jp,587,
Bigpond.com,mail.bigpond.com,465,SSL
Bigpond.net,mail.bigpond.com,465,SSL
Bigpond.net.au,mail.bigpond.com,465,SSL
Bikerider.com,smtp.mail.com,465,SSL
Birdlover.com,smtp.mail.com,465,SSL
Bitnisse.dk,mail.telenor.dk,587,TLS
Bk.iij4u.or.jp,mbox.iij4u.or.jp,587,TLS
Bk.ru,smtp.mail.ru,465,SSL
Blader.com,smtp.mail.com,465,SSL
Blu.it,smtp.libero.it,465,SSL
Blue.plala.or.jp,blue.mail.plala.or.jp,587,TLS
Bluehost,mail.yourdomain.com,465,TLS
Bluemail.ch,smtpauths.bluewin.ch,465,SSL
Bluewin.ch,smtpauths.bluewin.ch,465,SSL
Blueyonder.co.uk,smtp.blueyonder.co.uk,465,SSL
Bmail.plala.or.jp,bmail.mail.plala.or.jp,587,
Boardermail.com,smtp.mail.com,465,SSL
Bol.com.br,smtps.bol.com.br,587,SSL
Bolero.plala.or.jp,bolero.mail.plala.or.jp,587,TLS
Bp.iij4u.or.jp,mbox.iij4u.or.jp,587,TLS
Bpost.plala.or.jp,bpost.mail.plala.or.jp,587,
Brazilmail.com,smtp.mail.com,465,SSL
Brew-master.com,smtp.mail.com,465,SSL
brighthouse.com,mail.brighthouse.com,587,TLS
Brown.plala.or.jp,brown.mail.plala.or.jp,587,TLS
Btinternet.com,mail.btinternet.com,587,TLS
Btopenworld.com,mail.btinternet.com,587,TLS
Bu.iij4u.or.jp,mbox.iij4u.or.jp,587,TLS
cableone.net,mail.cableone.net,465,SSL
California.usa.com,smtp.mail.com,465,SSL
Californiamail.com,smtp.mail.com,465,SSL
callplus.net.nz,smtp.callplus.net.nz,587,
Camel.plala.or.jp,camel.mail.plala.or.jp,587,
Cameo.plala.or.jp,cameo.mail.plala.or.jp,587,
Caress.com,smtp.mail.com,465,SSL
Casema.nl,smtp.ziggo.nl,587,TLS
Catlover.com,smtp.mail.com,465,SSL
Ceaaces.gob.ec,mail.ceaaces.gob.ec,587,TLS
Centrum.cz,smtp.centrum.cz,587,TLS
Centurylink.net,smtp.centurylink.net,587,TLS
Cgl.ucsf.edu,plato.cgl.ucsf.edu,587,TLS
Charter.com,mobile.charter.net,587,TLS
Charter.net,mobile.charter.net,587,TLS
Cheerful.com,smtp.mail.com,465,SSL
Chef.net,smtp.mail.com,465,SSL
Chello.nl,smtp.ziggo.nl,587,TLS
Chemist.com,smtp.mail.com,465,SSL
Chinamail.com,smtp.mail.com,465,SSL
City.dk,mail.telenor.dk,587,TLS
Clear.net.nz,smtp.clear.net.nz,25,
Clerk.com,smtp.mail.com,465,SSL
Cliffhanger.com,smtp.mail.com,465,SSL
Clio.ne.jp,mail.clio.ne.jp,587,
Club-internet.fr,smtp.sfr.fr,465,SSL
Clustermail.de,mail.clustermail.de,587,TLS
Cmail.plala.or.jp,cmail.mail.plala.or.jp,587,
Cneweb.de,smtp.versatel.de,25,
Co1.wind.jp,co1.wind.ne.jp,587,
Co1.wind.ne.jp,co1.wind.ne.jp,587,
Co2.wind.jp,co2.wind.ne.jp,587,TLS
Co2.wind.ne.jp,co2.wind.ne.jp,587,TLS
Co3.wind.jp,co3.wind.ne.jp,587,TLS
Co3.wind.ne.jp,co3.wind.ne.jp,587,TLS
Cocoa.plala.or.jp,cocoa.mail.plala.or.jp,587,
Coda.plala.or.jp,coda.mail.plala.or.jp,587,TLS
cogeco.ca,smtp.cogeco.ca,465,SSL
Collector.org,smtp.mail.com,465,SSL
Columnist.com,smtp.mail.com,465,SSL
Comcast.net,smtp.comcast.net,587,SSL
Comic.com,smtp.mail.com,465,SSL
Computer4u.com,smtp.mail.com,465,SSL
Concerto.plala.or.jp,concerto.mail.plala.or.jp,587,TLS
Consultant.com,smtp.mail.com,465,SSL
Contractor.net,smtp.mail.com,465,SSL
Cool.dk,mail.telenor.dk,587,TLS
Coolsite.net,smtp.mail.com,465,SSL
Coral.broba.ccv,mail.broba.cc,587,
Coral.plala.or.jp,coral.mail.plala.or.jp,587,
Corp.mail.ru,smtp.mail.ru,465,SSL
Correo.ugr.es,correo.ugr.es,465,SSL
Counsellor.com,smtp.mail.com,465,SSL
Count.com,smtp.mail.com,465,SSL
Couple.com,smtp.mail.com,465,SSL
Courante.plala.or.jp,courante.mail.plala.or.jp,587,TLS
Cox.net,smtp.cox.net,587,TLS
cp196.ezyreg.com,cp196.ezyreg.com,465,SSL
Cpost.plala.or.jp,cpost.mail.plala.or.jp,587,
Cream.plala.or.jp,cream.mail.plala.or.jp,587,
currently.com,smtp.mail.att.net,465,SSL
Cutey.com,smtp.mail.com,465,SSL
Cyberdude.com,smtp.mail.com,465,SSL
Cyberdude.dk,mail.telenor.dk,587,TLS
Cybergal.com,smtp.mail.com,465,SSL
Cyberjunkie.dk,mail.telenor.dk,587,TLS
Cyber-wizard.com,smtp.mail.com,465,SSL
Dallasmail.com,smtp.mail.com,465,SSL
Dan.gunmanet.ne.jp,dan.wind.ne.jp,587,TLS
Dan.gunmanet.or.jp,dan.wind.ne.jp,587,TLS
Dan.wind.co.jp,dan.wind.ne.jp,587,TLS
Dan.wind.jp,dan.wind.ne.jp,587,TLS
Dan.wind.ne.jp,dan.wind.ne.jp,587,TLS
Dance.plala.or.jp,dance.mail.plala.or.jp,587,TLS
Daum.net,smtp.daum.net,465,SSL
Dbzmail.com,smtp.mail.com,465,SSL
Dd.iij4u.or.jp,mbox.iij4u.or.jp,587,TLS
Deliveryman.com,smtp.mail.com,465,SSL
demon.co.uk,smtp.demon.co.uk,587,SSL
dial.pipex.com,smtp.talktalk.net,587,TLS
Diamond.broba.cc,mail.broba.cc,587,
Dianrong.com,smtp.exmail.qq.com,465,SSL
Diplomats.com,smtp.mail.com,465,SSL
Disciples.com,smtp.mail.com,465,SSL
Dk2net.dk,mail.telenor.dk,587,TLS
Dk-online.dk,mail.telenor.dk,587,TLS
Dmail.plala.or.jp,dmail.mail.plala.or.jp,587,
Doctor.com,smtp.mail.com,465,SSL
Dodo.com.au,mail.bigpond.com,465,SSL
Doglover.com,smtp.mail.com,465,SSL
domain.com,smtp.domain.com,465,SSL
domeneshop.no,smtp.domeneshop.no,587,TLS
Dondominio.com,smtp.dondominio.com,465,SSL
Doramail.com,smtp.mail.com,465,SSL
Dr.com,smtp.mail.com,465,SSL
Dreamhost.com,smtp.dreamhost.com,465,TLS
dsl.pipex.com,smtp.talktalk.net,587,TLS
dsl.telkomsa.net,smtp.dsl.telkomsa.net,25,
Dublin.com,smtp.mail.com,465,SSL
E23.jp,mbox.iijmio-mail.jp,587,TLS
Earthling.net,smtp.mail.com,465,SSL
Earthlink.net,smtpauth.earthlink.net,587,SSL
eastlink.ca,smtp.eastlink.ca,465,SSL
Ebony.plala.or.jp,ebony.mail.plala.or.jp,587,
eclipse.co.uk,smtp.eclipse.co.uk,25,
Edgeppe.com,mail4.hostingplatform.com,587,TLS
eircom.net,mail1.eircom.net,25,
Elinstallatoer.dk,mail.telenor.dk,587,TLS
elpasotel.com,smtp.elpasotel.com,587,TLS
Elpasotel.net,smtp.elpasotel.net,587,TLS
Elsker.dk,mail.telenor.dk,587,TLS
Elvis.dk,mail.telenor.dk,587,TLS
Elvisfan.com,smtp.mail.com,465,SSL
Email.com,smtp.mail.com,465,SSL
Email.cz,smtp.seznam.cz,465,SSL
Email.dk,mail.telenor.dk,587,TLS
Email.it,smtp.email.it,587,
Email.plala.or.jp,email.mail.plala.or.jp,587,
Emailsrvr.com,secure.emailsrvr.com,465,SSL
email-ssl.com.br,email-ssl.com.br,465,SSL
Embarqmail.com,smtp.centurylink.net,587,TLS
Engineer.com,smtp.mail.com,465,SSL
Englandmail.com,smtp.mail.com,465,SSL
Ent.uz,mail.ent.uz,587,TLS
Etisalat.ae,exmail.emirates.net.ae,465,SSL
Europe.com,smtp.mail.com,465,SSL
europe.secureserver.net,smtpout.europe.secureserver.net,465,SSL
Europemail.com,smtp.mail.com,465,SSL
everyone.net,smtp.everyone.net,465,SSL
Ewetel.net,smtps-1.ewetel.net,25,TLS
Execs.com,smtp.mail.com,465,SSL
Execulink.com,sslmail.execulink.com,465,TLS
F2s.com,smtp-auth.talktalkbusiness2.net,587,
Fald.dk,mail.telenor.dk,587,TLS
Fan.com,smtp.mail.com,465,SSL
Fantasy.plala.or.jp,fantasy.mail.plala.or.jp,587,TLS
Fastmail.com,smtp.fastmail.com,465,SSL
Fastmail.fm,smtp.fastmail.com,465,SSL
Fastwebnet.it,smtp.fastwebnet.it,587,TLS
Fedt.dk,mail.telenor.dk,587,TLS
Feelings.com,smtp.mail.com,465,SSL
Feminin.dk,mail.telenor.dk,587,TLS
Ff.iij4u.or.jp,mbox.iij4u.or.jp,587,TLS
Film.dk,mail.telenor.dk,587,TLS
Financier.com,smtp.mail.com,465,SSL
Fireman.net,smtp.mail.com,465,SSL
Flamenco.plala.or.jp,flamenco.mail.plala.or.jp,587,TLS
Flash.net,outbound.att.net,465,SSL
Florida.usa.com,smtp.mail.com,465,SSL
Fmail.plala.or.jp,fmail.mail.plala.or.jp,587,
Foni.net,smtp.versatel.de,25,
Footballer.com,smtp.mail.com,465,SSL
Forening.dk,mail.telenor.dk,587,TLS
Foxmail.com,smtp.qq.com,465,SSL
Free.fr,smtp.free.fr,25,TLS
Freemail.hu,smtp.freemail.hu,25,
Freenet.de,mx.freenet.de,587,TLS
frontier.com,smtp.frontier.com,465,SSL
Fuga.plala.or.jp,fuga.mail.plala.or.jp,587,
Gadefejer.dk,mail.telenor.dk,587,TLS
Gandi.net,mail.gandi.net,465,SSL
Gardener.com,smtp.mail.com,465,SSL
Garnet.broba.cc,mail.broba.cc,587,
Gason.dk,mail.telenor.dk,587,TLS
Gatech.edu,mail.gatech.edu,587,TLS
Gazeta.pl,smtp.gazeta.pl,465,SSL
Gelsennet.de,smtp.versatel.de,25,
Geologist.com,smtp.mail.com,465,SSL
Germanymail.com,smtp.mail.com,465,SSL
Giallo.it,smtp.libero.it,465,SSL
Gigahost.dk,smtp.gigahost.dk,587,TLS
Gigapec.it,smtps.pec.aruba.it,465,SSL
Globo.com,smtp.gmail.com,587,TLS
Gmail.com,smtp.gmail.com,587,TLS
Gmail.plala.or.jp,gmail.mail.plala.or.jp,587,TLS
Gmx.at,mail.gmx.net,465,SSL
Gmx.biz,mail.gmx.net,465,SSL
Gmx.ca,smtp.gmx.com,465,SSL
Gmx.ch,mail.gmx.net,587,TLS
Gmx.cn,smtp.gmx.com,465,SSL
Gmx.co.in,smtp.gmx.com,465,SSL
Gmx.co.uk,smtp.gmx.com,465,SSL
gmx.com,smtp.gmx.com,465,SSL
Gmx.com.br,smtp.gmx.com,465,SSL
Gmx.com.my,smtp.gmx.com,465,SSL
Gmx.com.tr,smtp.gmx.com,465,SSL
Gmx.de,mail.gmx.net,465,SSL
Gmx.es,smtp.gmx.com,465,SSL
Gmx.eu,mail.gmx.net,587,TLS
Gmx.fr,smtp.gmx.com,465,SSL
Gmx.hk,smtp.gmx.com,465,SSL
Gmx.ie,smtp.gmx.com,465,SSL
Gmx.info,mail.gmx.net,587,TLS
Gmx.it,smtp.gmx.com,465,SSL
Gmx.li,smtp.gmx.com,465,SSL
Gmx.net,mail.gmx.net,465,SSL
Gmx.org,mail.gmx.net,587,TLS
Gmx.ph,smtp.gmx.com,465,SSL
Gmx.pt,smtp.gmx.com,465,SSL
Gmx.ru,smtp.gmx.com,465,SSL
Gmx.se,smtp.gmx.com,465,SSL
Gmx.sg,smtp.gmx.com,465,SSL
Gmx.tm,smtp.gmx.com,465,SSL
Gmx.tw,smtp.gmx.com,465,SSL
Gmx.us,smtp.gmx.com,465,SSL
Go.tvm.ne.jp,go.tvm.ne.jp,25,
Go2.pl,poczta.o2.pl,465,SSL
Go4more.de,smtp.1und1.de,587,TLS
GoDaddy,smtpout.secureserver.net,465,SSL
Goneo.de,smtp.goneo.de,465,SSL
Google.com,smtp.gmail.com,587,TLS
Googlemail.com,smtp.gmail.com,587,TLS
Graduate.org,smtp.mail.com,465,SSL
Gransy.com,smtp.gransy.com,465,SSL
Grape.plala.or.jp,grape.mail.plala.or.jp,587,TLS
Graphic-designer.com,smtp.mail.com,465,SSL
Gray.plala.or.jp,gray.mail.plala.or.jp,587,TLS
gridhost.co.uk,mail3.gridhost.co.uk,465,SSL
Grin.dk,mail.telenor.dk,587,TLS
Grov.dk,mail.telenor.dk,587,TLS
GSuite,smtp.gmail.com,587,TLS
Hackermail.com,smtp.mail.com,465,SSL
Hahah.nl,smtp.ziggo.nl,587,TLS
Hairdresser.net,smtp.mail.com,465,SSL
Hal.ne.jp,mail.hal.ne.jp,587,
Hana.or.jp,mail.hana.or.jp,587,TLS
hannet,smtp.hanmail.net,465,SSL
Hardworking.dk,mail.telenor.dk,587,TLS
Heaven.dk,mail.telenor.dk,587,TLS
Hemmelig.dk,mail.telenor.dk,587,TLS
hercules.hongkongserver.net,hercules.hongkongserver.net,465,SSL
Hh.iij4u.or.jp,mbox.iij4u.or.jp,587,TLS
Hilarious.com,smtp.mail.com,465,SSL
Hispeed.ch,smtp.hispeed.ch,587,
Hockeymail.com,smtp.mail.com,465,SSL
Home.nl,smtp.ziggo.nl,587,TLS
Home.pl,post.pl,587,SSL
homecall.co.uk,smtp.talktalk.net,587,TLS
Homemail.com,smtp.mail.com,465,SSL
hostedecom,mail.hostedemail.com,465,SSL
hosts.co.uk,smtp.hosts.co.uk,587,
Hotmail.co.jp,smtp-mail.outlook.com,587,TLS
Hotmail.co.uk,smtp-mail.outlook.com,587,TLS
Hotmail.com,smtp-mail.outlook.com,587,TLS
Hotmail.com.br,smtp-mail.outlook.com,587,TLS
Hotmail.de,smtp-mail.outlook.com,587,TLS
Hotmail.es,smtp-mail.outlook.com,587,TLS
Hotmail.fr,smtp-mail.outlook.com,587,TLS
Hotmail.it,smtp-mail.outlook.com,587,TLS
Hot-shot.com,smtp.mail.com,465,SSL
Hour.com,smtp.mail.com,465,SSL
hughes.net,smtp.hughes.net,465,SSL
Huleboer.dk,mail.telenor.dk,587,TLS
Humanoid.net,smtp.mail.com,465,SSL
Hushmail.com,smtp.hushmail.com,465,TLS
I.softbank.jp,smtp.softbank.jp,465,SSL
Ic.ac.uk,smtp.office365.com,587,TLS
Icloud.com,smtp.mail.me.com,587,TLS
idnet.com,smtp.idnet.com,587,
idnet.net,smtp.idnet.net,587,
ig.com.br,smtp.ig.com.br,465,SSL
Iijmio-mail.jp,mbox.iijmio-mail.jp,587,TLS
Iinet.net.au,mail.iinet.net.au,465,SSL
Illinois.usa.com,smtp.mail.com,465,SSL
Image.dk,mail.telenor.dk,587,TLS
Imail.plala.or.jp,imail.mail.plala.or.jp,587,
Iname.com,smtp.mail.com,465,SSL
Inbound.dk,mail.telenor.dk,587,TLS
inbox.com,smtp.inbox.com,587,
Inbox.lt,mail.inbox.lt,587,TLS
Inbox.lv,mail.inbox.lv,587,TLS
Inbox.ru,smtp.mail.ru,465,SSL
Indbakke.dk,mail.telenor.dk,587,TLS
Indigo.plala.or.jp,indigo.mail.plala.or.jp,587,
Inet-shibata.or.jp,po.inet-shibata.or.jp,25,
Inexio.de,relay1.inexio.net,465,SSL
Infile.dk,mail.telenor.dk,587,TLS
Info.dk,mail.telenor.dk,587,TLS
infomaniak.ch,mail.infomaniak.ch,587,
Ingpec.eu,smtps.pec.aruba.it,465,SSL
Innocent.com,smtp.mail.com,465,SSL
Inorbit.com,smtp.mail.com,465,SSL
Instruction.com,smtp.mail.com,465,SSL
Instructor.net,smtp.mail.com,465,SSL
Insurer.com,smtp.mail.com,465,SSL
interdns.co.uk,smtp.interdns.co.uk,465,SSL
Interia.pl,poczta.interia.pl,465,SSL
Internetserver.cz,smtp.gransy.com,465,SSL
Internode.on.net,mail.internode.on.net,465,SSL
Inwind.it,smtp.libero.it,465,SSL
Io.dk,mail.telenor.dk,587,TLS
Iol.it,smtp.libero.it,465,SSL
Ipax.at,mail.ipax.at,465,SSL
Iprimus.com.au,smtp.iprimus.com.au,25,
iq.pl,smtp.iq.pl,465,SSL
Irelandmail.com,smtp.mail.com,465,SSL
Ispgateway.de,smtprelaypool.ispgateway.de,465,SSL
It.dk,mail.telenor.dk,587,TLS
Italymail.com,smtp.mail.com,465,SSL
Ivory.plala.or.jp,ivory.mail.plala.or.jp,587,TLS
Iwafune.ne.jp,po.iwafune.ne.jp,25,
Ix.netcom.com,smtpauth.earthlink.net,587,SSL
Jade.plala.or.jp,jade.mail.plala.or.jp,587,
Japan.com,smtp.mail.com,465,SSL
Jazztel.es,smtp.jazztel.es,25,
Jet.ne.jp,smtp.jet.ne.jp,587,TLS
Jmail.plala.or.jp,jmail.mail.plala.or.jp,587,
Journalist.com,smtp.mail.com,465,SSL
Juno.com,smtp.juno.com,465,SSL
Jyde.dk,mail.telenor.dk,587,TLS
K1.gunmanet.ne.jp,kl.wind.ne.jp,587,TLS
K1.gunmanet.or.jp,kl.wind.ne.jp,587,TLS
K1.wind.jp,kl.wind.ne.jp,587,TLS
K1.wind.ne.jp,kl.wind.ne.jp,587,TLS
Kabelmail.de,smtp.kabelmail.de,25,
karoo.co.uk,smtp.karoo.co.uk,25,
Keromail.com,smtp.mail.com,465,SSL
Khaki.plala.or.jp,khaki.mail.plala.or.jp,587,
Kidcity.be,relay.proximus.be,587,SSL
Kittymail.com,smtp.mail.com,465,SSL
Kk.iij4u.or.jp,mbox.iij4u.or.jp,587,TLS
Kl.gunmanet.ne.jp,kl.wind.ne.jp,587,TLS
Kl.gunmanet.or.jp,kl.wind.ne.jp,587,TLS
Kl.wind.co.jp,kl.wind.ne.jp,587,TLS
Kl.wind.jp,kl.wind.ne.jp,587,TLS
Klog.dk,mail.telenor.dk,587,TLS
Kmail.plala.or.jp,kmail.mail.plala.or.jp,587,
Knus.dk,mail.telenor.dk,587,TLS
Kolabnow.com,smtp.kolabnow.com,465,TLS
Koreamail.com,smtp.mail.com,465,SSL
Kpnmail.nl,smtp.kpnmail.nl,587,TLS
kpnnl,smtp.kpnmail.nl,587,TLS
Krudt.dk,mail.telenor.dk,587,TLS
Kulturel.dk,mail.telenor.dk,587,TLS
Kundenserver.de,smtp.1und1.de,587,TLS
Lapis.plala.or.jp,lapis.mail.plala.or.jp,587,TLS
Laposte.net,smtp.laposte.net,465,SSL
Larsen.dk,mail.telenor.dk,587,TLS
Lawyer.com,smtp.mail.com,465,SSL
Lazy.dk,mail.telenor.dk,587,TLS
lbr-group.com,mail.lbr-group.com,465,SSL
Legislator.com,smtp.mail.com,465,SSL
Lemon.plala.or.jp,lemon.mail.plala.or.jp,587,
Libero.it,smtp.libero.it,465,SSL
Lilac.plala.or.jp,lilac.mail.plala.or.jp,587,TLS
Lime.plala.or.jp,lime.mail.plala.or.jp,587,TLS
Lineone.net,smtp.talktalk.net,587,TLS
Linuxmail.org,smtp.mail.com,465,SSL
List.ru,smtp.mail.ru,465,SSL
Live.ca,smtp.office365.com,587,TLS
Live.co.jp,smtp-mail.outlook.com,587,TLS
Live.co.uk,smtp-mail.outlook.com,587,TLS
Live.com,smtp-mail.outlook.com,587,TLS
Live.de,smtp-mail.outlook.com,587,TLS
Live.fr,smtp-mail.outlook.com,587,TLS
Live.it,smtp-mail.outlook.com,587,TLS
Live.jp,smtp-mail.outlook.com,587,TLS
llcd393-a.servidoresdns.net,llcd393-a.servidoresdns.net,465,SSL
Localnet.com,smtp.localnet.com,25,
London.com,smtp.mail.com,465,SSL
Loveable.com,smtp.mail.com,465,SSL
Lovecat.com,smtp.mail.com,465,SSL
Lycos.com,smtp.lycos.com,587,TLS
Lystig.dk,mail.telenor.dk,587,TLS
Mac.com,smtp.mail.me.com,587,TLS
Mad.scientist.com,smtp.mail.com,465,SSL
Madonnafan.com,smtp.mail.com,465,SSL
Madrid.com,smtp.mail.com,465,SSL
Mahoroba.ne.jp,mail.mahoroba.ne.jp,587,
Mail.com,smtp.mail.com,465,SSL
Mail.de,smtp.mail.de,465,SSL
Mail.dia.dk,mail.telenor.dk,587,TLS
Mail.gunmanet.jp,mail.wind.ne.jp,587,
Mail.gunmanet.ne.jp,mail.wind.ne.jp,587,
Mail.gunmanet.or.jp,mail.wind.ne.jp,587,
Mail.iwafune.ne.jp,mail.iwafune.ne.jp,25,None
Mail.org,smtp.mail.com,465,SSL
Mail.ru,smtp.mail.ru,465,SSL
Mail.telenor.dk,mail.telenor.dk,587,TLS
Mail.wind.co.jp,mail.wind.ne.jp,587,
Mail.wind.jp,mail.wind.ne.jp,587,
Mail.wind.ne.jp,mail.wind.ne.jp,587,
Mailbox.org,smtp.mailbox.org,465,SSL
Mailfence.com,smtp.mailfence.com,465,TLS
mailo.com,mail.mailo.com,465,SSL
Mailoo.org,smtp.mailoo.org,587,TLS
mailtech.com,smtp.mailtech.com,465,SSL
manxiperkasa.com,smtp.manxiperkasa.com,465,SSL
Marchmail.com,smtp.mail.com,465,SSL
Maroon.plala.or.jp,mail.iwafune.ne.jp,25,None
Maskulin.dk,mail.telenor.dk,587,TLS
Mchsi.com,mail.mediacombb.net,465,SSL
Me.com,smtp.mail.me.com,587,TLS
Mediatemple.net,smtp.example-mt.com,465,TLS
Mediatemplegrid.net,mail.example.com,587,TLS
Messagingengine.com,smtp.fastmail.com,465,SSL
Mexicomail.com,smtp.mail.com,465,SSL
mijndomein.nl,mail.mijndomein.nl,465,SSL
Mindless.com,smtp.mail.com,465,SSL
Mindspring.com,smtpauth.earthlink.net,587,SSL
Minister.com,smtp.mail.com,465,SSL
Min-postkasse.dk,mail.telenor.dk,587,TLS
Minuet.plala.or.jp,minuet.mail.plala.or.jp,587,TLS
Miobox.jp,mbox.iijmio-mail.jp,587,TLS
Miomio.jp,mbox.iijmio-mail.jp,587,TLS
Ml.murakami.ne.jp,ml.murakami.ne.jp,25,None
Mnet.ne.jp,mail.mnet.ne.jp,587,
Mobil.dk,mail.telenor.dk,587,TLS
Mobsters.com,smtp.mail.com,465,SSL
Monarchy.com,smtp.mail.com,465,SSL
Mopera.net,mail.mopera.net,465,SSL
Moscowmail.com,smtp.mail.com,465,SSL
Msn.com,smtp.office365.com,587,TLS
Multiweb.nl,smtp.ziggo.nl,587,TLS
Munich.com,smtp.mail.com,465,SSL
Musician.org,smtp.mail.com,465,SSL
Muslim.com,smtp.mail.com,465,SSL
Musling.dk,mail.telenor.dk,587,TLS
mweb.co.za,smtp.mweb.co.za,587,
mxhichina.com,smtp.mxhichina.com,465,SSL
mygrande.net,mail.mygrande.net,587,TLS
Mymts.net,mail.mymts.net,587,TLS
Mypec.eu,smtps.pec.aruba.it,465,SSL
Myquix.de,smtp.myquix.de,465,SSL
Myself.com,smtp.mail.com,465,SSL
name.com,mail.name.com,465,SSL
Narod.ru,smtp.yandex.com,465,SSL
Natteliv.dk,mail.telenor.dk,587,TLS
Naver.com,smtp.naver.com,587,SSL
Navy.plala.or.jp,navy.mail.plala.or.jp,587,
Nazwa.pl,twojserwer.nazwa.pl,465,SSL
Netbruger.dk,mail.telenor.dk,587,TLS
netclient.no,mail.netclient.no,465,SSL
Netscape.net,smtp.aol.com,465,SSL
Netspace.net.au,smtp.netspace.net.au,25,
Netvigator.com,smtp.netvigator.com,465,TLS
Netzero.com,smtp.netzero.com,465,SSL
Neuf.fr,smtp.sfr.fr,465,SSL
neuf.fr,smtp.neuf.fr,587,
Newyork.usa.com,smtp.mail.com,465,SSL
nic.ru,mail.nic.ru,465,SSL
Nn.iij4u.or.jp,mbox.iij4u.or.jp,587,TLS
Nsat.jp,mail.nsat.jp,587,TLS
Ntlworld.com,smtp.ntlworld.com,465,SSL
Ntymail.com,webmail.ntymail.com,587,TLS
Null.net,smtp.mail.com,465,SSL
numericable.fr,smtps.numericable.fr,587,TLS
Nvbell.net,outbound.att.net,465,SSL
Nwmlm.com,ssl0.ovh.net,465,SSL
Nycmail.com,smtp.mail.com,465,SSL
O2.pl,poczta.o2.pl,465,SSL
Oath.com,smtp.mail.com,465,SSL
ocn.ne.jp,smtp.ocn.ne.jp,465,SSL
Office365,smtp.office365.com,587,TLS
Olive.plala.or.jp,olive.mail.plala.or.jp,587,TLS
One.com,send.one.com,465,SSL
One.cz,smtp.registrator.cz,587,TLS
Online.de,smtp.1und1.de,587,TLS
online.no,smtp.online.no,465,SSL
Onlinehome.de,smtp.1und1.de,587,TLS
ono.com,smtp.ono.com,25,
Op.pl,smtp.poczta.onet.pl,465,SSL
Opal.plala.or.jp,opal.mail.plala.or.jp,587,
Openmailbox.org,smtp.openmailbox.org,465,SSL
Open-Xchange.com,smtp.open-xchange.com,25,
Optician.com,smtp.mail.com,465,SSL
Optonline.net,mail.optonline.net,587,SSL
optusnet.com.au,mail.optusnet.com.au,465,SSL
Oracle.com,stbeehive.oracle.com,465,SSL
Orange.fr,smtp.orange.fr,465,SSL
Orange.plala.or.jp,orange.mail.plala.or.jp,587,TLS
Orchid.plala.or.jp,orchid.mail.plala.or.jp,587,TLS
orcon.net.nz,mail.orcon.net.nz,587,TLS
Otenet.gr,mailgate.otenet.gr,465,SSL
out.aliceposta.it,out.aliceposta.it,25,
Outlook.com,smtp-mail.outlook.com,587,TLS
Ovh.ca,smtp.mail.ovh.ca,465,SSL
Ovh.net,ssl0.ovh.net,465,SSL
Ozemail.com.au,smtp.ozemail.com.au,25,
Pacbell.net,outbound.att.net,465,SSL
Pacificwest.com,smtp.mail.com,465,SSL
Palette.plala.or.jp,palette.mail.plala.or.jp,587,TLS
Pdx.edu,mailhost.pdx.edu,465,SSL
Peach.plala.or.jp,peach.mail.plala.or.jp,587,
Pec.it,smtps.pec.aruba.it,465,SSL
Pedal.dk,mail.telenor.dk,587,TLS
Pengemand.dk,mail.telenor.dk,587,TLS
Peoplepc.com,smtpauth.peoplepc.com,587,TLS
Petlover.com,smtp.mail.com,465,SSL
Photographer.net,smtp.mail.com,465,SSL
Planet.nl,mail.planet.nl,25,
Plank.life,mail.plank.life,587,TLS
Playful.com,smtp.mail.com,465,SSL
Plum.plala.or.jp,plum.mail.plala.or.jp,587,
Pmczuid.nl,mail.pmczuid.nl,587,TLS
Po.dcn.ne.jp,po.dcn.ne.jp,25,
Po.gunmanet.ne.jp,po.wind.ne.jp,587,
Po.gunmanet.or.jp,po.wind.ne.jp,587,
Po.wind.co.jp,po.wind.ne.jp,587,
Po.wind.jp,po.wind.ne.jp,587,
Po.wind.ne.jp,po.wind.ne.jp,587,
Pobox.com,smtp.pobox.com,465,SSL
pochta.ru,smtp.pochta.ru,465,SSL
Poczta.onet.pl,smtp.poczta.onet.pl,465,SSL
Poetic.com,smtp.mail.com,465,SSL
Pokerface.dk,mail.telenor.dk,587,TLS
Polarismail.com,smtp.emailarray.com,465,TLS
Politician.com,smtp.mail.com,465,SSL
Polka.plala.or.jp,polka.mail.plala.or.jp,587,
Popstar.com,smtp.mail.com,465,SSL
Post.com,smtp.mail.com,465,SSL
Post.cybercity.dk,mail.telenor.dk,587,TLS
Post.cz,smtp.seznam.cz,465,SSL
Post.dia.dk,mail.telenor.dk,587,TLS
Posteo.at,posteo.de,465,SSL
Posteo.ch,posteo.de,465,SSL
Posteo.de,posteo.de,465,SSL
Posteo.eu,posteo.de,465,SSL
Posteo.org,posteo.de,465,SSL
Postman.dk,mail.telenor.dk,587,TLS
postoffice.net,smtp.postoffice.net,465,SSL
Pp.iij4u.or.jp,mbox.iij4u.or.jp,587,TLS
Presidency.com,smtp.mail.com,465,SSL
Priest.com,smtp.mail.com,465,SSL
Primus.ca,smtp.primus.ca,465,TLS
Privat.dia.dk,mail.telenor.dk,587,TLS
privateecom,mail.privateemail.com,465,SSL
Privatmail.dk,mail.telenor.dk,587,TLS
Prodigy.net,outbound.att.net,465,SSL
Programmer.net,smtp.mail.com,465,SSL
Prokonto.pl,poczta.o2.pl,465,SSL
Protonmail.com,127.0.0.1,1025,TLS
Proximus.be,relay.proximus.be,587,SSL
Ptd.net,promail.ptd.net,25,
Publicist.com,smtp.mail.com,465,SSL
Purple.plala.or.jp,purple.mail.plala.or.jp,587,
Q.com,smtp.q.com,587,TLS
qip.ru,smtp.qip.ru,465,SSL
Qq.com,smtp.qq.com,465,SSL
Quake.dk,mail.telenor.dk,587,TLS
Quicknet.nl,smtp.ziggo.nl,587,TLS
Rackspace.com,secure.emailsrvr.com,465,SSL
Rainbow.plala.or.jp,rainbow.mail.plala.or.jp,587,
Rambler.ru,smtp.rambler.ru,465,SSL
Razcall.com,smtp.ziggo.nl,587,TLS
Razcall.nl,smtp.ziggo.nl,587,TLS
Ready.dk,mail.telenor.dk,587,TLS
Realtyagent.com,smtp.mail.com,465,SSL
Reborn.com,smtp.mail.com,465,SSL
Red.plala.or.jp,red.mail.plala.or.jp,587,
rediffmailpro.com,smtp.rediffmailpro.com,465,SSL
Reggaefan.com,smtp.mail.com,465,SSL
relais.videotron.ca,relais.videotron.ca,587,
relay.plus.net,relay.plus.net,25,
Religious.com,smtp.mail.com,465,SSL
Repairman.com,smtp.mail.com,465,SSL
Representative.com,smtp.mail.com,465,SSL
Rescueteam.com,smtp.mail.com,465,SSL
Revenue.com,smtp.mail.com,465,SSL
Riseup.net,mail.riseup.net,465,SSL
Rmail.plala.or.jp,rmail.mail.plala.or.jp,587,
RoadRunner Email,mail.twc.com,587,TLS
Rocketmail.com,smtp.mail.yahoo.com,465,SSL
Rocketship.com,smtp.mail.com,465,SSL
Rockfan.com,smtp.mail.com,465,SSL
Rogers.com,smtp.mail.yahoo.com,465,SSL
Rome.com,smtp.mail.com,465,SSL
Rondo.plala.or.jp,rondo.mail.plala.or.jp,587,TLS
Rose.plala.or.jp,rose.mail.plala.or.jp,587,
Rouge.plala.or.jp,rouge.mail.plala.or.jp,587,TLS
Royal.net,smtp.mail.com,465,SSL
Rr.com,mail.twc.com,587,TLS
Rr.iij4u.or.jp,mbox.iij4u.or.jp,587,TLS
Rub.de,mail.ruhr-uni-bochum.de,587,TLS
Ruby.plala.or.jp,ruby.mail.plala.or.jp,587,
Ruhrnet-online.de,smtp.versatel.de,25,
Runbox.com,mail.runbox.com,465,SSL
Runestone.net,mail.runestone.net,587,TLS
rzone.de,smtp.rzone.de,465,SSL
Rzone.de,smtp.strato.de,465,SSL
Saintly.com,smtp.mail.com,465,SSL
Salesperson.net,smtp.mail.com,465,SSL
Sanfranmail.com,smtp.mail.com,465,SSL
Sapo.pt,smtp.sapo.pt,587,TLS
Sasktel.net,smtp.sasktel.net,587,TLS
sbb.rs,smtp.sbb.rs,465,SSL
Sbcglobal.net,smtp.mail.att.net,465,SSL
Schlund.de,smtp.1und1.de,587,TLS
Scientist.com,smtp.mail.com,465,SSL
Scotlandmail.com,smtp.mail.com,465,SSL
Sea.plala.or.jp,sea.mail.plala.or.jp,587,
Secret.dk,mail.telenor.dk,587,TLS
Secretary.net,smtp.mail.com,465,SSL
securemegamailservers.com,securemail.megamailservers.com,25,SSL
Secureserver.net,smtpout.secureserver.net,465,SSL
Seductive.com,smtp.mail.com,465,SSL
Sent.com,smtp.fastmail.com,465,SSL
Sepia.plala.or.jp,sepia.mail.plala.or.jp,587,TLS
Serenade.plala.or.jp,serenade.mail.plala.or.jp,587,TLS
servage.net,smtp1.servage.net,25,
Serversp.us,167.114.109.252,587,TLS
Seznam.cz,smtp.seznam.cz,465,SSL
Sfr.fr,smtp.sfr.fr,465,SSL
Sfu.ca,mailgate.sfu.ca,587,TLS
Shaw.ca,mail.shaw.ca,587,TLS
Silk.plala.or.jp,silk.mail.plala.or.jp,587,TLS
Silver.plala.or.jp,silver.mail.plala.or.jp,587,
sina.com,smtp.sina.com,465,SSL
Singapore.com,smtp.mail.com,465,SSL
Singnet.com.sg,mail.singnet.com.sg,25,
Sjtu.edu.cn,mail.sjtu.edu.cn,587,TLS
Sky.com,smtp.tools.sky.com,587,TLS
Sky.plala.or.jp,silk.mail.plala.or.jp,587,TLS
Skynet.be,relay.proximus.be,587,SSL
Sleepy.dk,mail.telenor.dk,587,TLS
slingshot.co.nz,smtp.slingshot.co.nz,465,SSL
Smail.plala.or.jp,smail.mail.plala.or.jp,587,
SmarshMail.com,mail.smarshmail.com,587,TLS
Smtp.cz,email.active24.com,465,SSL
Snakebite.com,smtp.mail.com,465,SSL
Snet.net,outbound.att.net,465,SSL
Snow.plala.or.jp,snow.mail.plala.or.jp,587,
So.wind.jp,so.wind.ne.jp,587,TLS
So.wind.ne.jp,so.wind.ne.jp,587,TLS
Sofortstart.de,smtp.1und1.de,587,TLS
Sofort-start.de,smtp.1und1.de,587,TLS
Sofortsurf.de,smtp.1und1.de,587,TLS
Sofort-surf.de,smtp.1und1.de,587,TLS
Sonata.plala.or.jp,sonata.mail.plala.or.jp,587,
Songwriter.net,smtp.mail.com,465,SSL
Soon.com,smtp.mail.com,465,SSL
Soverin.net,imap.soverin.net,587,TLS
Spainmail.com,smtp.mail.com,465,SSL
Spectrum,mobile.charter.net,587,TLS
Spoluzaci.cz,smtp.seznam.cz,465,SSL
Sporty.dk,mail.telenor.dk,587,TLS
Ss.iij4u.or.jp,mbox.iij4u.or.jp,587,TLS
Stackmail.com,smtp.stackmail.com,465,TLS
strato.com,smtp.strato.com,465,SSL
Strato.de,smtp.strato.de,465,SSL
Student.tuwien.ac.at,mail.student.tuwien.ac.at,587,TLS
Studenti.univr.it,univr.smtpauth.cineca.it,465,SSL
suddenlink.net,smtp.suddenlink.net,465,SSL
Suite.plala.or.jp,suite.mail.plala.or.jp,587,TLS
Superbruger.dk,mail.telenor.dk,587,TLS
Suttamagga.it,smtps.aruba.it,465,TLS
Swbell.net,outbound.att.net,465,SSL
Sympatico.ca,smtphm.sympatico.ca,587,TLS
Symphony.plala.or.jp,symphony.mail.plala.or.jp,587,TLS
Talent.dk,mail.telenor.dk,587,TLS
Talk21.com,mail.btinternet.com,587,TLS
talktalk.net,smtp.talktalk.net,587,TLS
Tanke.dk,mail.telenor.dk,587,TLS
Taupe.plala.or.jp,taupe.mail.plala.or.jp,587,TLS
Taxidriver.dk,mail.telenor.dk,587,TLS
tds.net,mail.tds.net,587,TLS
Teachers.org,smtp.mail.com,465,SSL
Techie.com,smtp.mail.com,465,SSL
Technologist.com,smtp.mail.com,465,SSL
Teens.dk,mail.telenor.dk,587,TLS
Teknik.dk,mail.telenor.dk,587,TLS
Telebel.de,smtp.versatel.de,25,
Telefonica.net,smtp.telefonica.net,25,
Telelev.de,smtp.versatel.de,25,
Telenet.be,smtp.telenet.be,587,TLS
Telstra.com,mail.bigpond.com,465,SSL
telus.net,smtp.telus.net,465,SSL
Terra.com,smtp.terra.com,465,SSL
terra.com.br,smtp.terra.com.br,465,SSL
Terra.es,mailhost.terra.es,25,
tesco.net,mail.tesco.net,25,
Texas.usa.com,smtp.mail.com,465,SSL
Thegame.com,smtp.mail.com,465,SSL
Therapist.net,smtp.mail.com,465,SSL
Thinline.cz,smtp.cesky-hosting.cz,465,SSL
Time Warner Email,mail.twc.com,587,TLS
timeweb.ru,smtp.timeweb.ru,465,SSL
tin.it,mail.tin.it,25,
tiscali.co.uk,smtp.talktalk.net,587,TLS
Tiscali.cz,smtp.tiscali.cz,25,
Tiscali.it,smtp.tiscali.it,465,SSL
Tjekket.dk,mail.telenor.dk,587,TLS
Tlen.pl,poczta.o2.pl,465,SSL
Tmail.plala.or.jp,tmail.mail.plala.or.jp,587,
Toccata.plala.or.jp,toccata.mail.plala.or.jp,587,TLS
Toke.com,smtp.mail.com,465,SSL
Tokyo.com,smtp.mail.com,465,SSL
T-online.de,securesmtp.t-online.de,465,SSL
Toothfairy.com,smtp.mail.com,465,SSL
Topaz.plala.or.jp,topaz.mail.plala.or.jp,587,
toucansurf.com,smtp.talktalk.net,587,TLS
tpg.com.au,mail.tpg.com.au,25,
Traceroute.dk,mail.telenor.dk,587,TLS
Trio.plala.or.jp,trio.mail.plala.or.jp,587,TLS
Tut.by,mail.tut.by,25,
Tv.dk,mail.telenor.dk,587,TLS
Tvstar.com,smtp.mail.com,465,SSL
Ucsd.edu,smtp.ucsd.edu,587,TLS
Ugenstilbud.dk,mail.telenor.dk,587,TLS
uhserver.com,smtp.uhserver.com,587,
Ukr.net,smtp.ukr.net,465,SSL
ukraine.com.ua,mail.ukraine.com.ua,25,
Umail.plala.or.jp,umail.mail.plala.or.jp,587,
Umpire.com,smtp.mail.com,465,SSL
Ungdom.dk,mail.telenor.dk,587,TLS
Uni-bremen.de,smtp.uni-bremen.de,465,SSL
uni-duisburg-essen.de,mailout.uni-duisburg-essen.de,587,TLS
unitybox.de,submit.unitybox.de,587,TLS
Uol.com.br,smtps.uol.com.br,587,SSL
Upcmail.nl,smtp.ziggo.nl,587,TLS
Us.army.mil,mailrouter.us.army.mil,465,TLS
Usa.com,smtp.mail.com,465,SSL
Uwaterloo.ca,mailservices.uwaterloo.ca,587,TLS
Uymail.com,smtp.mail.com,465,SSL
Ventraip.com.au,ventraip.email,465,SSL
Verizon.net,smtp.aol.com,465,SSL
Versanet.de,smtp.versatel.de,25,
Versatel.de,smtp.versatel.de,25,
Video.dk,mail.telenor.dk,587,TLS
Violet.plala.or.jp,violet.mail.plala.or.jp,587,TLS
Vip.cybercity.dk,mail.telenor.dk,587,TLS
virgilio.it,out.virgilio.it,587,
Virgin.net,smtp.virgin.net,465,SSL
Virginmedia.com,smtp.virginmedia.com,465,SSL
Vittig.dk,mail.telenor.dk,587,TLS
Vivaldi.net,smtp.vivaldi.net,587,
Vm.aikis.or.jp,mail.aikis.or.jp,587,TLS
Vmail.plala.or.jp,vmail.mail.plala.or.jp,587,
Vodamail.co.za,smtp.vodamail.co.za,25,
Volny.cz,smtp.volny.cz,587,TLS
Vp.pl,smtp.poczta.onet.pl,465,SSL
Vp.tiki.ne.jp,vs.tiki.ne.jp,587,
Wallet.com,smtp.mail.com,465,SSL
Waltz.plala.or.jp,waltz.mail.plala.or.jp,587,TLS
Wanadoo.fr,smtp.orange.fr,465,SSL
Wans.net,outbound.att.net,465,SSL
Watch-out.ca,smtp.zoho.com,465,SSL
Wave.plala.or.jp,wave.mail.plala.or.jp,587,
Web.de,smtp.web.de,587,TLS
webfaction.com,smtp.webfaction.com,465,SSL
Webhuset.no,smtp.webhuset.no,465,SSL
Webname.com,smtp.mail.com,465,SSL
Weirdness.com,smtp.mail.com,465,SSL
Westnet.com.au,mail.westnet.com.au,587,TLS
White.plala.or.jp,white.mail.plala.or.jp,587,
Who.net,smtp.mail.com,465,SSL
Whoever.com,smtp.mail.com,465,SSL
windstreamhosting.com,mail.windstreamhosting.com,25,
Wine.plala.or.jp,wine.mail.plala.or.jp,587,TLS
Winning.com,smtp.mail.com,465,SSL
Witty.com,smtp.mail.com,465,SSL
Wmail.plala.or.jp,wmail.mail.plala.or.jp,587,
Wol.dk,mail.telenor.dk,587,TLS
Worker.com,smtp.mail.com,465,SSL
Workmail.com,smtp.mail.com,465,SSL
Worldonline.dk,mail.telenor.dk,587,TLS
Wowway.com,smtp.mail.wowway.com,25,
Wp.pl,smtp.wp.pl,465,SSL
Writeme.com,smtp.mail.com,465,SSL
XFINITY Email,smtp.comcast.net,587,SSL
X-il.jp,mbox.iijmio-mail.jp,587,TLS
Xmail.plala.or.jp,xmail.mail.plala.or.jp,587,
Xp.wind.jp,xp.wind.jp,587,TLS
Xpost.plala.or.jp,xpost.mail.plala.or.jp,587,
Xs4all.nl,smtp.xs4all.nl,465,SSL
Xtra.co.nz,send.xtra.co.nz,465,SSL
Ya.ru,smtp.yandex.ru,465,SSL
Yahoo.ca,smtp.mail.yahoo.com,465,SSL
Yahoo.co.id,smtp.mail.yahoo.com,465,SSL
Yahoo.co.in,smtp.mail.yahoo.com,465,SSL
Yahoo.co.jp,smtp.mail.yahoo.co.jp,465,SSL
Yahoo.co.nz,smtp.mail.yahoo.com,465,SSL
Yahoo.co.uk,smtp.mail.yahoo.com,465,SSL
Yahoo.com,smtp.mail.yahoo.com,465,SSL
Yahoo.com.ar,smtp.mail.yahoo.com,465,SSL
Yahoo.com.au,smtp.mail.yahoo.com,465,SSL
Yahoo.com.br,smtp.mail.yahoo.com,465,SSL
Yahoo.com.hk,smtp.mail.yahoo.com,465,SSL
Yahoo.com.mx,smtp.mail.yahoo.com,465,SSL
Yahoo.com.tw,smtp.mail.yahoo.com,465,SSL
Yahoo.com.vn,smtp.mail.yahoo.com,465,SSL
Yahoo.de,smtp.mail.yahoo.com,465,SSL
Yahoo.es,smtp.mail.yahoo.com,465,SSL
Yahoo.fr,smtp.mail.yahoo.com,465,SSL
Yahoo.gr,smtp.mail.yahoo.com,465,SSL
Yahoo.in,smtp.mail.yahoo.com,465,SSL
Yahoo.it,smtp.mail.yahoo.com,465,SSL
Yahoo.pl,smtp.mail.yahoo.com,465,SSL
Yahoo.se,smtp.mail.yahoo.com,465,SSL
Yahoodns.net,smtp.mail.yahoo.com,465,SSL
Yandex.by,smtp.yandex.com,465,SSL
Yandex.com,smtp.yandex.ru,465,SSL
Yandex.kz,smtp.yandex.com,465,SSL
Yandex.net,smtp.yandex.com,465,SSL
Yandex.ru,smtp.yandex.ru,465,SSL
Yandex.ua,smtp.yandex.ru,465,SSL
Yeah.net,smtp.yeah.net,465,SSL
Yellow.plala.or.jp,yellow.mail.plala.or.jp,587,
Ymail.com,smtp.mail.yahoo.com,465,SSL
Ymail.plala.or.jp,ymail.mail.plala.or.jp,587,
Yopmail.com,smtp.yopmail.com,587,TLS
Yours.com,smtp.mail.com,465,SSL
Ypost.plala.or.jp,ypost.mail.plala.or.jp,587,
Zeelandnet.nl,mail.zeelandnet.nl,465,SSL
Zeggis.com,smtp.ziggo.nl,587,TLS
Zeggis.nl,smtp.ziggo.nl,587,TLS
zenbox.pl,smtp.zenbox.pl,587,TLS
Ziggo.nl,smtp.ziggo.nl,587,TLS
Ziggomail.com,smtp.ziggo.nl,587,TLS
Zinders.nl,smtp.ziggo.nl,587,TLS
Zmail.plala.or.jp,zmail.mail.plala.or.jp,587,
Zoho.com,smtp.zoho.com,465,SSL
Zohomail.com,smtp.zoho.com,465,SSL
Zoominternet.net,smtp.zoominternet.net,587,TLS
Zpost.plala.or.jp,zpost.mail.plala.or.jp,587,
